Number of eigenvalues,Accumulation,Percentage,Accumulation,Percentage
1,334781,9.748953122,86350.3,27.7004385219
2,580666,16.9092200977,153645,49.2880033619
3,791717,23.0551074251,201303,64.5762826044
4,976444,28.4344296189,232334,74.5307622967
5,1144510,33.328577003,255048,81.8172194438
6,1292290,37.6319881655,271566,87.1160527253
7,1404820,40.9089055975,283547,90.9594551678
8,1504140,43.8011426841,289675,92.9252652143
9,1599150,46.5678708918,294739,94.549753151
10,1679810,48.9167215101,299430,96.0545858743
11,1751910,51.0163015941,301628,96.7596854961
12,1822610,53.0751131327,303332,97.3063141382
13,1881080,54.7777823076,304671,97.7358538987
14,1939210,56.4705505501,305653,98.0508711092
15,1993500,58.0514964968,306605,98.356264576
16,2044440,59.5348891387,307329,98.5885175906
17,2089760,60.8546251915,307922,98.7787469244
18,2133810,62.1373783496,308405,98.933689198
19,2174600,63.3251990379,308834,99.0713087329
20,2214190,64.4780752587,309184,99.1835857427
21,2251010,65.5502880007,309468,99.2746905164
22,2285870,66.5654247791,309688,99.3452646369
23,2319000,67.5301832837,309937,99.4251417096
24,2350350,68.443107495,310120,99.4838465462
25,2380830,69.3306969674,310285,99.5367771366
26,2409640,70.1696553893,310437,99.585537438
27,2437520,70.981531849,310561,99.6253155786
28,2464210,71.7587550451,310657,99.6561115584
29,2489650,72.4995777544,310751,99.6862659554
30,2513230,73.1862365391,310832,99.7122500634
31,2535820,73.8440661382,310913,99.7382341713
32,2557760,74.4829674842,310983,99.7606895733
33,2578340,75.0822651004,311042,99.7796162693
34,2598560,75.6710793764,311094,99.796297425
35,2617940,76.2354325251,311143,99.8120162064
36,2636520,76.7764893623,311189,99.8267726134
37,2654010,77.2858049749,311226,99.8386418973
38,2670750,77.7732802954,311264,99.8508319726
39,2687080,78.2488162562,311298,99.8617388822
40,2703100,78.7153248962,311341,99.8755329148
41,2718650,79.1681469531,311372,99.88547745
42,2733940,79.6133977088,311400,99.8944596108
43,2748300,80.0315665022,311425,99.9024793972
44,2761950,80.4290598191,311446,99.9092160178
45,2775150,80.8134489607,311465,99.9153110554
46,2788030,81.1885195776,311484,99.9214060931
47,2800430,81.5496124076,311502,99.9271803393
48,2812390,81.8978922662,311517,99.9319922112
49,2823950,82.234523969,311532,99.936804083
50,2834960,82.5551394575,311545,99.940974372
51,2845800,82.8708044799,311556,99.944503078
52,2856410,83.1797718126,311568,99.9483525755
53,2866500,83.4735965428,311578,99.95156049
54,2876340,83.7601411756,311587,99.9544476132
55,2885980,84.0408617306,311596,99.9573347363
56,2895240,84.3105165375,311604,99.9599010679
57,2904370,84.5763856937,311611,99.9621466081
58,2913170,84.8326451215,311617,99.9640713569
59,2921890,85.086574918,311623,99.9659961056
60,2930340,85.3326422094,311629,99.9679208543
61,2938570,85.5723030151,311635,99.9698456031
62,2946770,85.8110902091,311641,99.9717703518
63,2954590,86.0388116551,311645,99.9730535176
64,2962190,86.2601266155,311650,99.9746574749
65,2969540,86.4741614784,311654,99.9759406407
66,2976620,86.6803338361,311658,99.9772238066
67,2983580,86.8830117472,311661,99.9781861809
68,2990310,87.0789919686,311665,99.9794693468
69,2996960,87.2726425589,311669,99.9807525126
70,3003440,87.4613426829,311672,99.981714887
71,3009850,87.6480043797,311675,99.9826772613
72,3016090,87.8297156103,311678,99.9836396357
73,3022160,88.0064763746,311681,99.9846020101
74,3028090,88.1791602844,311683,99.985243593
75,3033790,88.3451465047,311685,99.9858851759
76,3039400,88.5085118899,311688,99.9868475503
77,3044920,88.66925644,311689,99.9871683417
78,3050220,88.8235945044,311691,99.9878099246
79,3055260,88.9703612676,311693,99.9884515076
80,3060150,89.1127599723,311695,99.9890930905
81,3065000,89.2539938614,311696,99.9894138819
82,3069810,89.394062935,311698,99.9900554648
83,3074580,89.532967193,311699,99.9903762563
84,3079230,89.6683770042,311701,99.9910178392
85,3083780,89.8008747765,311702,99.9913386307
86,3088270,89.9316253254,311703,99.9916594221
87,3092720,90.0612110588,311704,99.9919802136
88,3096990,90.185555122,311705,99.992301005
89,3101180,90.3075695541,311706,99.9926217965
90,3105290,90.427254355,311707,99.992942588
91,3109270,90.5431535052,311708,99.9932633794
92,3113180,90.6570142282,311709,99.9935841709
93,3117030,90.7691277279,311710,99.9939049623
94,3120830,90.879785208,311711,99.9942257538
95,3124540,90.9878218531,311711,99.9942257538
96,3128230,91.0952760904,311712,99.9945465452
97,3131800,91.199235881,311713,99.9948673367
98,3135350,91.3026132638,311713,99.9948673367
99,3138830,91.4039522193,311714,99.9951881281
100,3142260,91.5038351553,311715,99.9955089196
101,3145610,91.6013884602,311715,99.9955089196
102,3148860,91.6960297261,311716,99.9958297111
103,3152080,91.7897973803,311716,99.9958297111
104,3155210,91.8809441995,311717,99.9961505025
105,3158330,91.9717998148,311717,99.9961505025
106,3161380,92.0606170028,311717,99.9961505025
107,3164350,92.1471045597,311718,99.996471294
108,3167250,92.2315536893,311718,99.996471294
109,3170120,92.3151292072,311719,99.9967920854
110,3172920,92.3966662978,311719,99.9967920854
111,3175630,92.4755825534,311719,99.9967920854
112,3178310,92.5536251973,311720,99.9971128769
113,3180980,92.6313766373,311720,99.9971128769
114,3183630,92.7085456695,311720,99.9971128769
115,3186230,92.7842586822,311721,99.9974336683
116,3188810,92.8593892872,311721,99.9974336683
117,3191330,92.9327726688,311721,99.9974336683
118,3193820,93.0052824387,311722,99.9977544598
119,3196280,93.0769185969,311722,99.9977544598
120,3198680,93.1468075317,311722,99.9977544598
121,3201060,93.2161140587,311722,99.9977544598
122,3203420,93.284838178,311723,99.9980752513
123,3205750,93.3526886856,311723,99.9980752513
124,3208040,93.4193743776,311723,99.9980752513
125,3210290,93.484895254,311723,99.9980752513
126,3212510,93.5495425187,311723,99.9980752513
127,3214690,93.6130249678,311724,99.9983960427
128,3216840,93.6756338053,311724,99.9983960427
129,3218960,93.737369031,311724,99.9983960427
130,3221040,93.7979394412,311724,99.9983960427
131,3223120,93.8585098514,311724,99.9983960427
132,3225150,93.9176242421,311724,99.9983960427
133,3227160,93.9761562251,311724,99.9983960427
134,3229170,94.034688208,311725,99.9987168342
135,3231140,94.0920553753,311725,99.9987168342
136,3233100,94.1491313388,311725,99.9987168342
137,3235040,94.2056248944,311725,99.9987168342
138,3236940,94.2609536345,311725,99.9987168342
139,3238770,94.3142439473,311725,99.9987168342
140,3240580,94.3669518523,311725,99.9987168342
141,3242370,94.4190773496,311725,99.9987168342
142,3244130,94.4703292351,311726,99.9990376256
143,3245860,94.520707509,311726,99.9990376256
144,3247580,94.5707945789,311726,99.9990376256
145,3249280,94.6202992411,311726,99.9990376256
146,3250970,94.6695126994,311726,99.9990376256
147,3252630,94.717852546,311726,99.9990376256
148,3254270,94.7656099848,311726,99.9990376256
149,3255900,94.8130762197,311726,99.9990376256
150,3257510,94.8599600468,311726,99.9990376256
151,3259110,94.90655267,311726,99.9990376256
152,3260690,94.9525628855,311726,99.9990376256
153,3262260,94.998281897,311726,99.9990376256
154,3263810,95.0434185008,311726,99.9990376256
155,3265350,95.0882639006,311727,99.9993584171
156,3266870,95.1325268927,311727,99.9993584171
157,3268370,95.176207477,311727,99.9993584171
158,3269830,95.2187232456,311727,99.9993584171
159,3271270,95.2606566065,311727,99.9993584171
160,3272700,95.3022987635,311727,99.9993584171
161,3274130,95.3439409206,311727,99.9993584171
162,3275520,95.384418262,311727,99.9993584171
163,3276890,95.4243131956,311727,99.9993584171
164,3278250,95.4639169254,311727,99.9993584171
165,3279600,95.5032294512,311727,99.9993584171
166,3280940,95.5422507731,311727,99.9993584171
167,3282250,95.5803984834,311727,99.9993584171
168,3283560,95.6185461937,311727,99.9993584171
169,3284850,95.6561114961,311727,99.9993584171
170,3286130,95.6933855947,311727,99.9993584171
171,3287390,95.7300772855,311727,99.9993584171
172,3288630,95.7661865685,311727,99.9993584171
173,3289870,95.8022958515,311727,99.9993584171
174,3291090,95.8378227267,311727,99.9993584171
175,3292310,95.8733496019,311727,99.9993584171
176,3293520,95.9085852732,311728,99.9996792085
177,3294700,95.9429473329,311728,99.9996792085
178,3295880,95.9773093925,311728,99.9996792085
179,3297060,96.0116714521,311728,99.9996792085
180,3298220,96.045451104,311728,99.9996792085
181,3299370,96.0789395519,311728,99.9996792085
182,3300500,96.111845592,311728,99.9996792085
183,3301620,96.1444604283,311728,99.9996792085
184,3302740,96.1770752646,311728,99.9996792085
185,3303840,96.209107693,311728,99.9996792085
186,3304940,96.2411401215,311728,99.9996792085
187,3306030,96.2728813461,311728,99.9996792085
188,3307120,96.3046225706,311728,99.9996792085
189,3308180,96.3354901835,311728,99.9996792085
190,3309250,96.3666490003,311728,99.9996792085
191,3310300,96.3972254093,311728,99.9996792085
192,3311350,96.4278018183,311728,99.9996792085
193,3312380,96.4577958195,311728,99.9996792085
194,3313400,96.4874986168,311728,99.9996792085
195,3314410,96.5169102102,311728,99.9996792085
196,3315420,96.5463218036,311728,99.9996792085
197,3316420,96.5754421931,311728,99.9996792085
198,3317420,96.6045625826,311728,99.9996792085
199,3318400,96.6331005644,311728,99.9996792085
200,3319370,96.6613473422,311728,99.9996792085
201,3320340,96.68959412,311728,99.9996792085
202,3321280,96.7169672862,311728,99.9996792085
203,3322230,96.7446316562,311728,99.9996792085
204,3323160,96.7717136184,311728,99.9996792085
205,3324080,96.7985043768,311728,99.9996792085
206,3324990,96.8250039313,311728,99.9996792085
207,3325900,96.8515034857,311728,99.9996792085
208,3326800,96.8777118363,311728,99.9996792085
209,3327690,96.9036289829,311728,99.9996792085
210,3328580,96.9295461296,311728,99.9996792085
211,3329460,96.9551720724,311728,99.9996792085
212,3330340,96.9807980152,311728,99.9996792085
213,3331210,97.006132754,311728,99.9996792085
214,3332080,97.0314674929,311728,99.9996792085
215,3332940,97.0565110279,311728,99.9996792085
216,3333790,97.081263359,311728,99.9996792085
217,3334640,97.1060156901,311728,99.9996792085
218,3335480,97.1304768173,311728,99.9996792085
219,3336320,97.1549379445,311728,99.9996792085
220,3337150,97.1791078677,311728,99.9996792085
221,3337970,97.2029865871,311728,99.9996792085
222,3338790,97.2268653066,311729,100
223,3339610,97.250744026,311729,100
224,3340430,97.2746227454,311729,100
225,3341220,97.2976278531,311729,100
226,3342020,97.3209241647,311729,100
227,3342800,97.3436380685,311729,100
228,3343580,97.3663519723,311729,100
229,3344360,97.3890658761,311729,100
230,3345130,97.4114885761,311729,100
231,3345890,97.4336200721,311729,100
232,3346640,97.4554603642,311729,100
233,3347390,97.4773006564,311729,100
234,3348130,97.4988497446,311729,100
235,3348870,97.5203988329,311729,100
236,3349600,97.5416567172,311729,100
237,3350330,97.5629146015,311729,100
238,3351050,97.583881282,311729,100
239,3351770,97.6048479624,311729,100
240,3352470,97.6252322351,311729,100
241,3353170,97.6456165078,311729,100
242,3353870,97.6660007804,311729,100
243,3354560,97.6860938492,311729,100
244,3355250,97.706186918,311729,100
245,3355930,97.7259887828,311729,100
246,3356600,97.7454994438,311729,100
247,3357270,97.7650101048,311729,100
248,3357940,97.7845207657,311729,100
249,3358600,97.8037402228,311729,100
250,3359260,97.8229596799,311729,100
251,3359910,97.8418879331,311729,100
252,3360560,97.8608161863,311729,100
253,3361200,97.8794532356,311729,100
254,3361840,97.8980902849,311729,100
255,3362470,97.9164361302,311729,100
256,3363100,97.9347819756,311729,100
257,3363730,97.953127821,311729,100
258,3364360,97.9714736664,311729,100
259,3364980,97.9895283079,311729,100
260,3365600,98.0075829494,311729,100
261,3366200,98.0250551831,311729,100
262,3366810,98.0428186207,311729,100
263,3367410,98.0602908545,311729,100
264,3368000,98.0774718843,311729,100
265,3368590,98.0946529141,311729,100
266,3369180,98.1118339439,311729,100
267,3369770,98.1290149737,311729,100
268,3370350,98.1459047996,311729,100
269,3370930,98.1627946255,311729,100
270,3371500,98.1793932476,311729,100
271,3372080,98.1962830735,311729,100
272,3372640,98.2125904916,311729,100
273,3373200,98.2288979097,311729,100
274,3373760,98.2452053279,311729,100
275,3374320,98.261512746,311729,100
276,3374870,98.2775289602,311729,100
277,3375420,98.2935451745,311729,100
278,3375970,98.3095613887,311729,100
279,3376510,98.325286399,311729,100
280,3377050,98.3410114094,311729,100
281,3377580,98.3564452158,311729,100
282,3378110,98.3718790223,311729,100
283,3378640,98.3873128287,311729,100
284,3379160,98.4024554312,311729,100
285,3379680,98.4175980338,311729,100
286,3380200,98.4327406363,311729,100
287,3380710,98.447592035,311729,100
288,3381220,98.4624434336,311729,100
289,3381720,98.4770036284,311729,100
290,3382220,98.4915638232,311729,100
291,3382720,98.5061240179,311729,100
292,3383210,98.5203930088,311729,100
293,3383700,98.5346619996,311729,100
294,3384190,98.5489309905,311729,100
295,3384670,98.5629087775,311729,100
296,3385150,98.5768865644,311729,100
297,3385630,98.5908643514,311729,100
298,3386100,98.6045509345,311729,100
299,3386570,98.6182375175,311729,100
300,3387030,98.6316328967,311729,100
301,3387500,98.6453194798,311729,100
302,3387960,98.658714859,311729,100
303,3388420,98.6721102381,311729,100
304,3388870,98.6852144134,311729,100
305,3389320,98.6983185887,311729,100
306,3389770,98.711422764,311729,100
307,3390210,98.7242357354,311729,100
308,3390650,98.7370487068,311729,100
309,3391080,98.7495704743,311729,100
310,3391520,98.7623834456,311729,100
311,3391950,98.7749052131,311729,100
312,3392380,98.7874269806,311729,100
313,3392810,98.7999487481,311729,100
314,3393230,98.8121793117,311729,100
315,3393650,98.8244098753,311729,100
316,3394060,98.836349235,311729,100
317,3394480,98.8485797986,311729,100
318,3394890,98.8605191583,311729,100
319,3395300,98.872458518,311729,100
320,3395710,98.8843978777,311729,100
321,3396110,98.8960460335,311729,100
322,3396510,98.9076941893,311729,100
323,3396900,98.9190511412,311729,100
324,3397300,98.930699297,311729,100
325,3397690,98.9420562489,311729,100
326,3398070,98.953121997,311729,100
327,3398460,98.9644789489,311729,100
328,3398840,98.9755446969,311729,100
329,3399220,98.9866104449,311729,100
330,3399590,98.997384989,311729,100
331,3399970,99.008450737,311729,100
332,3400340,99.0192252812,311729,100
333,3400710,99.0299998253,311729,100
334,3401070,99.0404831655,311729,100
335,3401440,99.0512577096,311729,100
336,3401810,99.0620322537,311729,100
337,3402160,99.0722243901,311729,100
338,3402520,99.0827077303,311729,100
339,3402880,99.0931910705,311729,100
340,3403230,99.1033832069,311729,100
341,3403580,99.1135753432,311729,100
342,3403920,99.1234762756,311729,100
343,3404260,99.1333772081,311729,100
344,3404610,99.1435693444,311729,100
345,3404940,99.1531790729,311729,100
346,3405280,99.1630800054,311729,100
347,3405610,99.1726897339,311729,100
348,3405940,99.1822994624,311729,100
349,3406270,99.191909191,311729,100
350,3406590,99.2012277156,311729,100
351,3406910,99.2105462403,311729,100
352,3407230,99.2198647649,311729,100
353,3407540,99.2288920857,311729,100
354,3407850,99.2379194064,311729,100
355,3408160,99.2469467272,311729,100
356,3408470,99.2559740479,311729,100
357,3408780,99.2650013687,311729,100
358,3409090,99.2740286894,311729,100
359,3409390,99.2827648063,311729,100
360,3409690,99.2915009231,311729,100
361,3409990,99.30023704,311729,100
362,3410290,99.3089731568,311729,100
363,3410580,99.3174180698,311729,100
364,3410870,99.3258629827,311729,100
365,3411160,99.3343078957,311729,100
366,3411450,99.3427528087,311729,100
367,3411730,99.3509065177,311729,100
368,3412020,99.3593514307,311729,100
369,3412300,99.3675051397,311729,100
370,3412580,99.3756588488,311729,100
371,3412850,99.383521354,311729,100
372,3413120,99.3913838592,311729,100
373,3413390,99.3992463643,311729,100
374,3413660,99.4071088695,311729,100
375,3413920,99.4146801708,311729,100
376,3414190,99.4225426759,311729,100
377,3414450,99.4301139772,311729,100
378,3414700,99.4373940746,311729,100
379,3414960,99.4449653759,311729,100
380,3415210,99.4522454732,311729,100
381,3415460,99.4595255706,311729,100
382,3415710,99.466805668,311729,100
383,3415960,99.4740857654,311729,100
384,3416200,99.4810746589,311729,100
385,3416450,99.4883547562,311729,100
386,3416690,99.4953436497,311729,100
387,3416930,99.5023325432,311729,100
388,3417160,99.5090302328,311729,100
389,3417390,99.5157279224,311729,100
390,3417620,99.522425612,311729,100
391,3417850,99.5291233016,311729,100
392,3418080,99.5358209911,311729,100
393,3418300,99.5422274768,311729,100
394,3418520,99.5486339625,311729,100
395,3418740,99.5550404482,311729,100
396,3418950,99.56115573,311729,100
397,3419160,99.5672710118,311729,100
398,3419370,99.5733862936,311729,100
399,3419580,99.5795015754,311729,100
400,3419780,99.5853256533,311729,100
401,3419980,99.5911497312,311729,100
402,3420180,99.5969738091,311729,100
403,3420380,99.602797887,311729,100
404,3420580,99.6086219649,311729,100
405,3420770,99.6141548389,311729,100
406,3420970,99.6199789168,311729,100
407,3421160,99.6255117908,311729,100
408,3421340,99.630753461,311729,100
409,3421530,99.636286335,311729,100
410,3421710,99.6415280051,311729,100
411,3421900,99.6470608791,311729,100
412,3422080,99.6523025492,311729,100
413,3422260,99.6575442193,311729,100
414,3422430,99.6624946855,311729,100
415,3422610,99.6677363556,311729,100
416,3422780,99.6726868219,311729,100
417,3422950,99.6776372881,311729,100
418,3423120,99.6825877543,311729,100
419,3423290,99.6875382205,311729,100
420,3423460,99.6924886867,311729,100
421,3423620,99.6971479491,311729,100
422,3423780,99.7018072114,311729,100
423,3423940,99.7064664737,311729,100
424,3424100,99.711125736,311729,100
425,3424250,99.7154937944,311729,100
426,3424410,99.7201530568,311729,100
427,3424560,99.7245211152,311729,100
428,3424700,99.7285979697,311729,100
429,3424850,99.7329660282,311729,100
430,3425000,99.7373340866,311729,100
431,3425140,99.7414109411,311729,100
432,3425280,99.7454877956,311729,100
433,3425420,99.7495646502,311729,100
434,3425560,99.7536415047,311729,100
435,3425700,99.7577183592,311729,100
436,3425830,99.7615040099,311729,100
437,3425960,99.7652896605,311729,100
438,3426090,99.7690753112,311729,100
439,3426220,99.7728609618,311729,100
440,3426340,99.7763554085,311729,100
441,3426470,99.7801410592,311729,100
442,3426590,99.7836355059,311729,100
443,3426710,99.7871299527,311729,100
444,3426830,99.7906243994,311729,100
445,3426950,99.7941188461,311729,100
446,3427070,99.7976132929,311729,100
447,3427190,99.8011077396,311729,100
448,3427310,99.8046021864,311729,100
449,3427420,99.8078054292,311729,100
450,3427530,99.8110086721,311729,100
451,3427640,99.8142119149,311729,100
452,3427750,99.8174151577,311729,100
453,3427860,99.8206184006,311729,100
454,3427960,99.8235304395,311729,100
455,3428070,99.8267336824,311729,100
456,3428170,99.8296457213,311729,100
457,3428270,99.8325577603,311729,100
458,3428370,99.8354697992,311729,100
459,3428470,99.8383818382,311729,100
460,3428570,99.8412938771,311729,100
461,3428670,99.8442059161,311729,100
462,3428760,99.8468267512,311729,100
463,3428850,99.8494475862,311729,100
464,3428950,99.8523596252,311729,100
465,3429030,99.8546892563,311729,100
466,3429120,99.8573100914,311729,100
467,3429210,99.8599309264,311729,100
468,3429290,99.8622605576,311729,100
469,3429380,99.8648813927,311729,100
470,3429460,99.8672110238,311729,100
471,3429550,99.8698318589,311729,100
472,3429630,99.87216149,311729,100
473,3429710,99.8744911212,311729,100
474,3429790,99.8768207524,311729,100
475,3429870,99.8791503835,311729,100
476,3429940,99.8811888108,311729,100
477,3430020,99.8835184419,311729,100
478,3430090,99.8855568692,311729,100
479,3430160,99.8875952965,311729,100
480,3430240,99.8899249276,311729,100
481,3430310,99.8919633549,311729,100
482,3430380,99.8940017822,311729,100
483,3430450,99.8960402094,311729,100
484,3430520,99.8980786367,311729,100
485,3430590,99.900117064,311729,100
486,3430650,99.9018642873,311729,100
487,3430720,99.9039027146,311729,100
488,3430780,99.905649938,311729,100
489,3430850,99.9076883652,311729,100
490,3430910,99.9094355886,311729,100
491,3430970,99.911182812,311729,100
492,3431030,99.9129300354,311729,100
493,3431090,99.9146772587,311729,100
494,3431150,99.9164244821,311729,100
495,3431200,99.9178805016,311729,100
496,3431260,99.9196277249,311729,100
497,3431310,99.9210837444,311729,100
498,3431370,99.9228309678,311729,100
499,3431420,99.9242869873,311729,100
500,3431470,99.9257430067,311729,100
501,3431520,99.9271990262,311729,100
502,3431570,99.9286550457,311729,100
503,3431620,99.9301110652,311729,100
504,3431670,99.9315670846,311729,100
505,3431720,99.9330231041,311729,100
506,3431770,99.9344791236,311729,100
507,3431820,99.9359351431,311729,100
508,3431860,99.9370999586,311729,100
509,3431910,99.9385559781,311729,100
510,3431950,99.9397207937,311729,100
511,3432000,99.9411768132,311729,100
512,3432040,99.9423416288,311729,100
513,3432090,99.9437976482,311729,100
514,3432130,99.9449624638,311729,100
515,3432170,99.9461272794,311729,100
516,3432210,99.947292095,311729,100
517,3432250,99.9484569106,311729,100
518,3432290,99.9496217261,311729,100
519,3432330,99.9507865417,311729,100
520,3432370,99.9519513573,311729,100
521,3432410,99.9531161729,311729,100
522,3432450,99.9542809885,311729,100
523,3432480,99.9551546001,311729,100
524,3432520,99.9563194157,311729,100
525,3432550,99.9571930274,311729,100
526,3432590,99.958357843,311729,100
527,3432620,99.9592314547,311729,100
528,3432660,99.9603962703,311729,100
529,3432690,99.9612698819,311729,100
530,3432720,99.9621434936,311729,100
531,3432750,99.9630171053,311729,100
532,3432780,99.963890717,311729,100
533,3432810,99.9647643287,311729,100
534,3432840,99.9656379404,311729,100
535,3432870,99.9665115521,311729,100
536,3432900,99.9673851637,311729,100
537,3432930,99.9682587754,311729,100
538,3432950,99.9688411832,311729,100
539,3432980,99.9697147949,311729,100
540,3433010,99.9705884066,311729,100
541,3433030,99.9711708144,311729,100
542,3433060,99.9720444261,311729,100
543,3433080,99.9726268339,311729,100
544,3433110,99.9735004455,311729,100
545,3433130,99.9740828533,311729,100
546,3433150,99.9746652611,311729,100
547,3433180,99.9755388728,311729,100
548,3433200,99.9761212806,311729,100
549,3433220,99.9767036884,311729,100
550,3433240,99.9772860962,311729,100
551,3433260,99.977868504,311729,100
552,3433280,99.9784509118,311729,100
553,3433300,99.9790333195,311729,100
554,3433320,99.9796157273,311729,100
555,3433340,99.9801981351,311729,100
556,3433360,99.9807805429,311729,100
557,3433370,99.9810717468,311729,100
558,3433390,99.9816541546,311729,100
559,3433410,99.9822365624,311729,100
560,3433430,99.9828189702,311729,100
561,3433440,99.9831101741,311729,100
562,3433460,99.9836925819,311729,100
563,3433480,99.9842749897,311729,100
564,3433490,99.9845661936,311729,100
565,3433510,99.9851486013,311729,100
566,3433520,99.9854398052,311729,100
567,3433540,99.986022213,311729,100
568,3433550,99.9863134169,311729,100
569,3433560,99.9866046208,311729,100
570,3433580,99.9871870286,311729,100
571,3433590,99.9874782325,311729,100
572,3433600,99.9877694364,311729,100
573,3433620,99.9883518442,311729,100
574,3433630,99.9886430481,311729,100
575,3433640,99.988934252,311729,100
576,3433650,99.9892254559,311729,100
577,3433660,99.9895166598,311729,100
578,3433670,99.9898078637,311729,100
579,3433680,99.9900990676,311729,100
580,3433700,99.9906814754,311729,100
581,3433710,99.9909726793,311729,100
582,3433720,99.9912638831,311729,100
583,3433720,99.9912638831,311729,100
584,3433730,99.991555087,311729,100
585,3433740,99.9918462909,311729,100
586,3433750,99.9921374948,311729,100
587,3433760,99.9924286987,311729,100
588,3433770,99.9927199026,311729,100
589,3433780,99.9930111065,311729,100
590,3433790,99.9933023104,311729,100
591,3433790,99.9933023104,311729,100
592,3433800,99.9935935143,311729,100
593,3433810,99.9938847182,311729,100
594,3433820,99.9941759221,311729,100
595,3433820,99.9941759221,311729,100
596,3433830,99.994467126,311729,100
597,3433840,99.9947583299,311729,100
598,3433840,99.9947583299,311729,100
599,3433850,99.9950495338,311729,100
600,3433860,99.9953407377,311729,100
601,3433860,99.9953407377,311729,100
602,3433870,99.9956319416,311729,100
603,3433870,99.9956319416,311729,100
604,3433880,99.9959231455,311729,100
605,3433880,99.9959231455,311729,100
606,3433890,99.9962143494,311729,100
607,3433890,99.9962143494,311729,100
608,3433900,99.9965055533,311729,100
609,3433900,99.9965055533,311729,100
610,3433910,99.9967967572,311729,100
611,3433910,99.9967967572,311729,100
612,3433920,99.997087961,311729,100
613,3433920,99.997087961,311729,100
614,3433930,99.9973791649,311729,100
615,3433930,99.9973791649,311729,100
616,3433930,99.9973791649,311729,100
617,3433940,99.9976703688,311729,100
618,3433940,99.9976703688,311729,100
619,3433940,99.9976703688,311729,100
620,3433950,99.9979615727,311729,100
621,3433950,99.9979615727,311729,100
622,3433950,99.9979615727,311729,100
623,3433960,99.9982527766,311729,100
624,3433960,99.9982527766,311729,100
625,3433960,99.9982527766,311729,100
626,3433960,99.9982527766,311729,100
627,3433970,99.9985439805,311729,100
628,3433970,99.9985439805,311729,100
629,3433970,99.9985439805,311729,100
630,3433970,99.9985439805,311729,100
631,3433980,99.9988351844,311729,100
632,3433980,99.9988351844,311729,100
633,3433980,99.9988351844,311729,100
634,3433980,99.9988351844,311729,100
635,3433980,99.9988351844,311729,100
636,3433990,99.9991263883,311729,100
637,3433990,99.9991263883,311729,100
638,3433990,99.9991263883,311729,100
639,3433990,99.9991263883,311729,100
640,3433990,99.9991263883,311729,100
641,3433990,99.9991263883,311729,100
642,3434000,99.9994175922,311729,100
643,3434000,99.9994175922,311729,100
644,3434000,99.9994175922,311729,100
645,3434000,99.9994175922,311729,100
646,3434000,99.9994175922,311729,100
647,3434000,99.9994175922,311729,100
648,3434000,99.9994175922,311729,100
649,3434000,99.9994175922,311729,100
650,3434010,99.9997087961,311729,100
651,3434010,99.9997087961,311729,100
652,3434010,99.9997087961,311729,100
653,3434010,99.9997087961,311729,100
654,3434010,99.9997087961,311729,100
655,3434010,99.9997087961,311729,100
656,3434010,99.9997087961,311729,100
657,3434010,99.9997087961,311729,100
658,3434010,99.9997087961,311729,100
659,3434010,99.9997087961,311729,100
660,3434010,99.9997087961,311729,100
661,3434010,99.9997087961,311729,100
662,3434020,100,311729,100
663,3434020,100,311729,100
664,3434020,100,311729,100
665,3434020,100,311729,100
666,3434020,100,311729,100
667,3434020,100,311729,100
668,3434020,100,311729,100
669,3434020,100,311729,100
670,3434020,100,311729,100
671,3434020,100,311729,100
672,3434020,100,311729,100
673,3434020,100,311729,100
674,3434020,100,311729,100
675,3434020,100,311729,100
676,3434020,100,311729,100
677,3434020,100,311729,100
678,3434020,100,311729,100
679,3434020,100,311729,100
680,3434020,100,311729,100
681,3434020,100,311729,100
682,3434020,100,311729,100
683,3434020,100,311729,100
684,3434020,100,311729,100
685,3434020,100,311729,100
686,3434020,100,311729,100
687,3434020,100,311729,100
688,3434020,100,311729,100
689,3434020,100,311729,100
690,3434020,100,311729,100
691,3434020,100,311729,100
692,3434020,100,311729,100
693,3434020,100,311729,100
694,3434020,100,311729,100
695,3434020,100,311729,100
696,3434020,100,311729,100
697,3434020,100,311729,100
698,3434020,100,311729,100
699,3434020,100,311729,100
700,3434020,100,311729,100
701,3434020,100,311729,100
702,3434020,100,311729,100
703,3434020,100,311729,100
704,3434020,100,311729,100
705,3434020,100,311729,100
706,3434020,100,311729,100
707,3434020,100,311729,100
708,3434020,100,311729,100
709,3434020,100,311729,100
710,3434020,100,311729,100
711,3434020,100,311729,100
712,3434020,100,311729,100
713,3434020,100,311729,100
714,3434020,100,311729,100
715,3434020,100,311729,100
716,3434020,100,311729,100
717,3434020,100,311729,100
718,3434020,100,311729,100
719,3434020,100,311729,100
720,3434020,100,311729,100
721,3434020,100,311729,100
722,3434020,100,311729,100
723,3434020,100,311729,100
724,3434020,100,311729,100
725,3434020,100,311729,100
726,3434020,100,311729,100
727,3434020,100,311729,100
728,3434020,100,311729,100
729,3434020,100,311729,100
730,3434020,100,311729,100
731,3434020,100,311729,100
732,3434020,100,311729,100
733,3434020,100,311729,100
734,3434020,100,311729,100
735,3434020,100,311729,100
736,3434020,100,311729,100
737,3434020,100,311729,100
738,3434020,100,311729,100
739,3434020,100,311729,100
740,3434020,100,311729,100
741,3434020,100,311729,100
742,3434020,100,311729,100
743,3434020,100,311729,100
744,3434020,100,311729,100
745,3434020,100,311729,100
746,3434020,100,311729,100
747,3434020,100,311729,100
748,3434020,100,311729,100
749,3434020,100,311729,100
750,3434020,100,311729,100
751,3434020,100,311729,100
752,3434020,100,311729,100
753,3434020,100,311729,100
754,3434020,100,311729,100
755,3434020,100,311729,100
756,3434020,100,311729,100
757,3434020,100,311729,100
758,3434020,100,311729,100
759,3434020,100,311729,100
760,3434020,100,311729,100
761,3434020,100,311729,100
762,3434020,100,311729,100
763,3434020,100,311729,100
764,3434020,100,311729,100
765,3434020,100,311729,100
766,3434020,100,311729,100
767,3434020,100,311729,100
768,3434020,100,311729,100
769,3434020,100,311729,100
770,3434020,100,311729,100
771,3434020,100,311729,100
772,3434020,100,311729,100
773,3434020,100,311729,100
774,3434020,100,311729,100
775,3434020,100,311729,100
776,3434020,100,311729,100
777,3434020,100,311729,100
778,3434020,100,311729,100
779,3434020,100,311729,100
780,3434020,100,311729,100
781,3434020,100,311729,100
782,3434020,100,311729,100
783,3434020,100,311729,100
784,3434020,100,311729,100
