735899,20141028,    19,  1, 101,    22, -1,  84
735899,20141028,    27,  1, 101,     7, -1, 100
735899,20141028,    11, -1, 108,    14,  1,  90
735900,20141029,     4,  1, 108,    17, -1, 106
735900,20141029,    12,  1, 103,    23, -1,  91
735900,20141029,     2,  1, 121,     3, -1, 105
735900,20141029,    16,  1, 107,    30, -1,  95
735900,20141029,    28,  1, 109,     1, -1, 102
735900,20141029,    15,  1, 105,    18, -1, 101
735900,20141029,     5, -1, 104,    20,  1,  80
735900,20141029,     8,  1,  89,     9, -1,  79
735900,20141029,    11, -1, 104,    29,  1,  93
735900,20141029,    24,  1, 119,    14, -1,  99
735900,20141029,    10, -1,  95,    26,  1,  77
735900,20141029,    25,  1, 106,    21, -1,  89
735901,20141030,    30, -1, 105,    22,  1,  98
735901,20141030,    20, -1,  95,     6,  1,  90
735901,20141030,    18,  1,  97,     9, -1,  91
735901,20141030,     7,  1, 120,    29, -1, 102
735901,20141030,    13,  1,  93,    21, -1,  90
735902,20141031,    15, -1,  97,    12,  1,  89
735902,20141031,     6, -1, 114,     5,  1, 108
735902,20141031,    17,  1,  93,    23, -1,  81
735902,20141031,    24,  1,  94,    27, -1,  89
735902,20141031,    26,  1, 103,    25, -1,  94
735902,20141031,    13, -1, 118,    14,  1, 111
735903,20141101,    15, -1,  71,     4,  1,  69
735903,20141101,     7, -1, 109,    19,  1, 104
735903,20141101,    28, -1, 108,    22,  1,  95
735903,20141101,    16, -1, 114,    23,  1,  96
735903,20141101,    30,  1, 108,    17, -1,  97
735903,20141101,     1,  1, 102,    12, -1,  92
735903,20141101,     3, -1, 102,     9,  1,  90
735903,20141101,    11,  1, 104,     2, -1,  90
735903,20141101,     5, -1, 106,    18,  1, 105
735903,20141101,    21,  1, 102,     8, -1,  91
735903,20141101,    29,  1, 118,    24, -1,  91
735903,20141101,    10,  1, 127,    14, -1, 104
735904,20141102,    26, -1,  98,    13,  1,  92
735904,20141102,    16,  1, 107,    28, -1, 102
735904,20141102,    20,  1,  96,     4, -1,  93
735904,20141102,    10, -1,  95,    25,  1,  90
735905,20141103,    11, -1, 104,    23,  1,  93
735905,20141103,     3,  1, 116,    21, -1,  85
735905,20141103,    15,  1,  93,    19, -1,  81
735905,20141103,     7,  1, 118,     2, -1, 113
735905,20141103,    26, -1, 110,     8,  1, 105
735905,20141103,    13,  1, 107,    29, -1, 101
735906,20141104,    17, -1,  87,    12,  1,  81
735906,20141104,    11, -1, 108,    16,  1,  91
735906,20141104,    30, -1,  98,    20,  1,  83
735906,20141104,    28,  1, 100,    21, -1,  88
735906,20141104,     5,  1,  98,    22, -1,  90
735906,20141104,    19,  1, 100,     4, -1,  91
735906,20141104,    25,  1, 101,     6, -1,  82
735906,20141104,    24, -1, 112,    14,  1, 106
735907,20141105,     4,  1,  96,    16, -1,  89
735907,20141105,    22, -1,  91,    23,  1,  89
735907,20141105,    28, -1, 110,     2,  1, 107
735907,20141105,    18, -1,  98,     3,  1,  91
735907,20141105,     9,  1,  98,    20, -1,  95
735907,20141105,     5, -1,  95,    17,  1,  86
735907,20141105,    30,  1,  96,    12, -1,  94
735907,20141105,    27,  1,  94,     1, -1,  92
735907,20141105,    15, -1, 102,    24,  1,  91
735907,20141105,    29,  1, 102,     6, -1, 100
735907,20141105,    26,  1, 131,     8, -1, 109
735907,20141105,    10,  1, 121,    13, -1, 104
735908,20141106,    11,  1,  98,    27, -1,  81
735908,20141106,    25,  1, 108,     7, -1,  87
735909,20141107,     4,  1, 122,     1, -1, 119
735909,20141107,    22,  1, 112,    18, -1, 103
735909,20141107,     5, -1, 118,    23,  1, 115
735909,20141107,     2,  1, 101,    12, -1,  98
735909,20141107,     3,  1, 110,    20, -1,  99
735909,20141107,     9,  1,  98,    17, -1,  95
735909,20141107,    28,  1, 103,    30, -1,  84
735909,20141107,    15, -1,  91,    21,  1,  89
735909,20141107,    26, -1, 114,    24,  1, 112
735909,20141107,     7, -1, 105,    29,  1,  82
735909,20141107,     6, -1, 110,     8,  1, 101
735910,20141108,    13,  1, 106,    25, -1, 102
735910,20141108,    30, -1,  97,    12,  1,  90
735910,20141108,     1,  1, 103,    20, -1,  96
735910,20141108,    16,  1, 102,    18, -1,  92
735910,20141108,     2, -1, 106,     5,  1, 101
735910,20141108,    10, -1,  98,    11,  1,  87
735910,20141108,    17,  1,  93,    15, -1,  92
735910,20141108,    19, -1, 100,    27,  1,  99
735911,20141109,     3,  1, 104,    22, -1,  96
735911,20141109,    29, -1,  97,     9,  1,  96
735911,20141109,    21,  1, 101,    26, -1,  93
735911,20141109,    28,  1, 120,    23, -1,  88
735911,20141109,    16, -1, 105,     7,  1,  96
735911,20141109,    24,  1, 107,    10, -1,  95
735911,20141109,    25,  1, 116,     8, -1, 100
735911,20141109,    14,  1, 107,     4, -1,  92
735912,20141110,     6,  1, 118,    19, -1, 111
735912,20141110,    12,  1,  97,    29, -1,  86
735912,20141110,     1, -1,  91,    20,  1,  85
735912,20141110,     5,  1, 102,     9, -1,  91
735912,20141110,    27, -1,  89,    13,  1,  85
735913,20141111,    28,  1, 104,    22, -1, 100
735913,20141111,    15,  1, 107,    14, -1, 102
735913,20141111,    17,  1,  85,    21, -1,  78
735913,20141111,     7,  1, 106,    26, -1,  98
735913,20141111,    25,  1, 102,     4, -1, 100
735913,20141111,    27, -1, 113,    10,  1, 100
735914,20141112,    30,  1, 107,     9, -1, 103
735914,20141112,     1,  1, 100,    29, -1,  97
735914,20141112,    21, -1, 109,     2,  1,  94
735914,20141112,    12, -1,  81,    16,  1,  75
735914,20141112,    22, -1,  97,    20,  1,  95
735914,20141112,    19,  1, 109,    14, -1, 102
735914,20141112,    25, -1, 130,     8,  1, 113
735914,20141112,    24,  1, 112,     3, -1, 104
735914,20141112,    11,  0, 113,    18,  0, 101
735915,20141113,    15,  1, 111,    26, -1, 110
735915,20141113,     5, -1, 100,    28,  1,  93
735915,20141113,     7,  1, 123,    23, -1,  70
735915,20141113,    10,  1, 107,     3, -1,  99
735916,20141114,     8, -1, 108,    12,  1,  87
735916,20141114,    22,  1, 101,    17, -1,  85
735916,20141114,     1,  1, 114,    16, -1, 103
735916,20141114,     6, -1, 122,     2,  1, 121
735916,20141114,    29, -1, 102,    20,  1, 100
735916,20141114,    11,  1,  88,    23, -1,  87
735916,20141114,    19,  1, 139,    18, -1,  91
735916,20141114,     9, -1,  96,    21,  1,  89
735916,20141114,     4, -1, 103,    24,  1,  95
735916,20141114,    27, -1,  93,    14,  1,  80
735917,20141115,    30,  1,  98,    22, -1,  93
735917,20141115,     6,  1, 127,     1, -1,  94
735917,20141115,    28,  1, 111,    29, -1,  93
735917,20141115,    12, -1,  99,     5,  1,  90
735917,20141115,    15,  1,  95,     9, -1,  88
735917,20141115,     7,  1, 131,    18, -1, 117
735917,20141115,    25,  1,  97,     3, -1,  87
735917,20141115,    26,  1,  94,    27, -1,  91
735917,20141115,    10,  1, 112,     4, -1,  87
735917,20141115,    13,  1, 120,    24, -1, 107
735918,20141116,    20,  1, 109,     8, -1,  93
735918,20141116,    17, -1,  91,    16,  1,  84
735918,20141116,    11, -1,  69,    21,  1,  65
735918,20141116,    10, -1, 136,    14,  1, 115
735919,20141117,     7, -1, 107,     4,  1,  80
735919,20141117,     8, -1, 106,     6,  1,  97
735919,20141117,    24, -1, 118,     2,  1, 114
735919,20141117,    16, -1,  95,     3,  1,  83
735919,20141117,    22, -1, 107,     9,  1,  93
735919,20141117,    15,  1, 119,    11, -1,  93
735919,20141117,    27,  1, 100,    23, -1,  75
735919,20141117,    25,  1, 102,    19, -1,  93
735919,20141117,     5, -1, 105,    13,  1,  89
735920,20141118,    14, -1, 114,     1,  1, 109
735920,20141118,    17,  1, 117,    20, -1, 113
735920,20141118,    29,  1,  98,    21, -1,  81
735920,20141118,    19, -1, 106,    26,  1, 100
735921,20141119,    27, -1,  92,     6,  1,  90
735921,20141119,    12,  1,  88,     4, -1,  86
735921,20141119,    13, -1, 114,    22,  1,  90
735921,20141119,     2, -1, 101,    23,  1,  90
735921,20141119,     7, -1, 105,    30,  1, 102
735921,20141119,    17, -1, 122,     3,  1, 118
735921,20141119,    24, -1,  88,     9,  1,  86
735921,20141119,    28,  1,  96,    15, -1,  92
735921,20141119,    18,  1, 115,    20, -1,  99
735921,20141119,     8,  1, 107,    21, -1, 100
735921,20141119,    14, -1,  98,    11,  1,  92
735922,20141120,    13, -1, 110,    16,  1,  93
735922,20141120,    26,  1, 103,     5, -1,  88
735923,20141121,    22, -1, 105,     4,  1, 100
735923,20141121,    24, -1, 122,    23,  1,  96
735923,20141121,     1,  1,  99,     9, -1,  89
735923,20141121,    28,  1, 124,    17, -1,  82
735923,20141121,    15,  1, 117,     2, -1, 100
735923,20141121,    27, -1, 121,    18,  1,  92
735923,20141121,     3, -1,  94,    21,  1,  92
735923,20141121,    30,  1,  91,     6, -1,  78
735923,20141121,     7,  1, 140,    14, -1, 106
735923,20141121,     8,  1, 117,    19, -1,  97
735923,20141121,    10,  1, 101,    29, -1,  88
735923,20141121,    25,  1, 105,     5, -1,  87
735924,20141122,    24, -1, 106,    12,  1,  83
735924,20141122,    16, -1,  99,    22,  1,  92
735924,20141122,    28, -1, 110,     6,  1,  93
735924,20141122,    20,  1,  91,    23, -1,  83
735924,20141122,    11,  1,  95,     7, -1,  92
735924,20141122,    26, -1, 113,    18,  1, 101
735924,20141122,    30, -1, 111,    17,  1, 100
735924,20141122,    27,  1,  99,     3, -1,  87
735924,20141122,    19, -1, 106,    29,  1,  94
735925,20141123,    25, -1,  94,     2,  1,  88
735925,20141123,    15,  1, 107,    13, -1,  91
735925,20141123,    16,  1,  94,     4, -1,  93
735925,20141123,    10, -1,  91,    21,  1,  86
735925,20141123,     8, -1, 101,    14,  1,  94
735926,20141124,    13, -1, 113,     4,  1,  92
735926,20141124,     6,  1, 106,    22, -1,  74
735926,20141124,    25, -1, 114,    23,  1, 104
735926,20141124,    28,  1, 104,    24, -1, 100
735926,20141124,    11,  1,  91,    20, -1,  86
735926,20141124,    12, -1, 111,     7,  1, 100
735926,20141124,     5, -1,  97,    29,  1,  95
735927,20141125,    10, -1, 114,    16,  1,  97
735927,20141125,    26, -1,  99,    19,  1,  89
735927,20141125,     1, -1, 106,    30,  1, 102
735927,20141125,    17,  1,  98,     9, -1,  86
735927,20141125,     8,  1, 114,     5, -1, 109
735928,20141126,    25, -1, 105,     4,  1,  97
735928,20141126,     6,  1, 113,    30, -1,  87
735928,20141126,    10, -1, 111,    22,  1,  96
735928,20141126,     3, -1,  99,    23,  1,  91
735928,20141126,    28, -1, 126,     1,  1, 115
735928,20141126,     7,  1, 109,    20, -1, 102
735928,20141126,    13, -1, 104,     9,  1,  98
735928,20141126,    11,  1, 102,    26, -1,  89
735928,20141126,    17, -1, 103,    18,  1,  86
735928,20141126,    21,  1,  97,    29, -1,  82
735928,20141126,    27,  1, 106,    12, -1, 100
735928,20141126,    24,  1, 120,     8, -1, 112
735928,20141126,    15, -1,  99,    14,  1,  93
735930,20141128,     5, -1, 109,     2,  1, 102
735930,20141128,    10, -1, 106,     4,  1, 101
735930,20141128,    17, -1, 104,     9,  1,  88
735930,20141128,     7, -1, 106,    28,  1, 102
735930,20141128,     1,  1, 100,    19, -1,  91
735930,20141128,    13, -1, 102,    11,  1,  85
735930,20141128,    12,  1,  98,    22, -1,  83
735930,20141128,    21,  1, 105,    20, -1,  78
735930,20141128,    27,  1, 112,    26, -1, 104
735930,20141128,     8,  1, 122,    24, -1,  97
735930,20141128,    15, -1, 112,    25,  1,  99
735930,20141128,    18, -1, 120,    14,  1, 119
735931,20141129,     7, -1, 110,    23,  1, 103
735931,20141129,    30,  1,  83,    19, -1,  80
735931,20141129,     1,  1, 105,     4, -1,  75
735931,20141129,     6,  1, 109,    12, -1,  97
735931,20141129,    11, -1, 117,    17,  1, 103
735931,20141129,    13, -1, 112,    29,  1,  96
735932,20141130,    27, -1, 111,     2,  1,  89
735932,20141130,     5, -1, 102,     3,  1,  84
735932,20141130,    10, -1, 104,     9,  1,  93
735932,20141130,    15, -1,  97,    26,  1,  85
735932,20141130,    16, -1,  86,    20,  1,  79
735932,20141130,    22, -1,  93,    24,  1,  90
735932,20141130,    25,  1, 107,    18, -1,  93
735932,20141130,    14,  1, 129,    28, -1, 122
735933,20141201,    27, -1, 109,    23,  1, 103
735933,20141201,    30,  1, 107,    16, -1,  86
735933,20141201,     8, -1, 103,    29,  1, 101
735933,20141201,    13,  1, 127,    18, -1, 101
735934,20141202,     6,  1, 111,    17, -1, 108
735934,20141202,     1,  1, 109,     2, -1, 105
735934,20141202,    14, -1, 106,     9,  1,  96
735934,20141202,     3, -1,  98,    20,  1,  93
735934,20141202,     7, -1, 132,     5,  1, 129
735934,20141202,    19,  1, 112,    21, -1, 104
735934,20141202,    25, -1, 105,     8,  1, 103
735934,20141202,    24,  1, 116,    12, -1,  99
735934,20141202,    28, -1, 117,    26,  1, 109
735934,20141202,    10,  1,  98,    22, -1,  97
735935,20141203,     5, -1, 102,     4,  1,  95
735935,20141203,    30,  1, 111,    14, -1,  95
735935,20141203,     2,  1, 109,     9, -1, 102
735935,20141203,     3,  1,  95,    27, -1,  93
735935,20141203,     1, -1, 112,    16,  1, 102
735935,20141203,    11,  1, 105,    15, -1,  96
735935,20141203,     7, -1, 107,    17,  1, 105
735935,20141203,    23, -1,  85,    18,  1,  77
735935,20141203,    28, -1, 123,    29,  1, 104
735935,20141203,    13,  1, 114,    22, -1,  86
735936,20141204,     6, -1,  90,    20,  1,  87
735936,20141204,    25,  1,  88,    12, -1,  82
735936,20141204,    10,  1, 112,    19, -1,  85
735937,20141205,     4,  1, 103,    20, -1, 102
735937,20141205,    21, -1, 103,    23,  1,  91
735937,20141205,    30,  1, 119,     8, -1,  89
735937,20141205,     2,  1, 113,    14, -1,  96
735937,20141205,     1, -1,  98,     3,  1,  75
735937,20141205,     6, -1, 105,    28,  1,  91
735937,20141205,    27, -1, 107,    15,  1, 101
735937,20141205,    11, -1, 114,    18,  1, 112
735937,20141205,    24, -1, 118,     7,  1, 106
735937,20141205,    17,  1, 109,    16, -1,  85
735937,20141205,    22, -1,  98,    29,  1,  93
735937,20141205,    26,  1, 102,    12, -1, 101
735938,20141206,    23, -1, 108,     9,  1, 101
735938,20141206,    10, -1, 112,     5,  1, 102
735938,20141206,    11,  1, 100,    24, -1,  95
735938,20141206,    27,  1, 123,    18, -1, 101
735938,20141206,    22, -1, 105,    26,  1,  96
735938,20141206,    13,  1, 120,    19, -1, 100
735939,20141207,     2,  1, 101,    30, -1,  93
735939,20141207,     1,  1,  96,     8, -1,  84
735939,20141207,    21, -1,  96,     9,  1,  94
735939,20141207,    15,  1, 103,    16, -1,  87
735939,20141207,     7,  1, 125,    17, -1, 102
735939,20141207,    25, -1, 103,    20,  1,  99
735939,20141207,    19, -1, 104,    14,  1,  87
735940,20141208,     1, -1, 108,    12,  1,  92
735940,20141208,    30,  1, 133,     2, -1, 132
735940,20141208,     6, -1, 110,     3,  1,  88
735940,20141208,    28,  1, 112,     8, -1, 107
735940,20141208,    10, -1, 102,    18,  1,  86
735940,20141208,    26,  1, 101,    29, -1,  92
735940,20141208,    13,  1, 121,    24, -1, 120
735941,20141209,     6,  1, 105,    28, -1, 101
735941,20141209,    25, -1,  98,     9,  1,  86
735941,20141209,    15,  1, 114,     7, -1, 105
735941,20141209,    19,  1, 104,    20, -1,  93
735941,20141209,    21,  1, 114,    17, -1, 101
735941,20141209,    16, -1, 103,    24,  1,  97
735941,20141209,    29,  1, 100,    27, -1,  96
735941,20141209,    14,  1,  98,    26, -1,  95
735942,20141210,     4,  1,  96,     2, -1,  87
735942,20141210,    13, -1, 103,    12,  1,  96
735942,20141210,    30, -1,  91,    22,  1,  89
735942,20141210,     1,  1,  95,    23, -1,  79
735942,20141210,     5,  1, 105,     3, -1,  80
735942,20141210,    18,  1,  90,    25, -1,  82
735942,20141210,    27,  1, 109,    20, -1,  95
735942,20141210,     7,  1, 112,    19, -1, 107
735942,20141210,     8,  1, 102,    16, -1,  82
735942,20141210,    10,  1, 105,    11, -1,  93
735943,20141211,    21,  1, 103,     6, -1,  94
735943,20141211,    11, -1, 113,    26,  1, 109
735944,20141212,     5,  1, 115,    25, -1, 106
735944,20141212,    30,  1, 104,    13, -1,  96
735944,20141212,     1,  1,  87,    22, -1,  81
735944,20141212,    20, -1, 101,     2,  1,  95
735944,20141212,     3,  1,  88,    23, -1,  70
735944,20141212,    28,  1, 106,    12, -1,  94
735944,20141212,    15,  1, 113,     4, -1, 107
735944,20141212,    21, -1, 111,    18,  1,  92
735944,20141212,    19,  1, 119,     6, -1, 114
735944,20141212,     9, -1, 105,    24,  1, 103
735944,20141212,    16, -1, 100,    29,  1,  95
735944,20141212,    14, -1, 112,    27,  1, 110
735945,20141213,    10, -1, 105,     7,  1,  98
735945,20141213,     3, -1, 114,     4,  1,  87
735945,20141213,    25, -1,  95,    12,  1,  85
735945,20141213,    22,  1, 100,     1, -1,  99
735945,20141213,    17,  1, 111,    13, -1, 106
735945,20141213,    15, -1, 120,    23,  1, 115
735945,20141213,    11,  1, 108,     8, -1,  96
735945,20141213,     9, -1,  95,    26,  1,  90
735946,20141214,     5, -1,  93,    16,  1,  75
735946,20141214,    10, -1, 128,    19,  1, 122
735946,20141214,    30,  1,  93,    29, -1,  84
735946,20141214,    14, -1, 100,    18,  1,  94
735946,20141214,    21,  1, 112,    24, -1,  88
735946,20141214,    28, -1,  95,    20,  1,  90
735946,20141214,    27, -1,  99,     8,  1,  91
735947,20141215,     6,  1,  97,     4, -1,  88
735947,20141215,    12,  1, 110,    14, -1,  91
735947,20141215,     2, -1, 105,    23,  1,  87
735947,20141215,     1,  1,  93,     5, -1,  86
735947,20141215,    28,  1,  95,    22, -1,  82
735947,20141215,    17, -1,  96,    24,  1,  94
735947,20141215,    25,  1, 108,    27, -1,  95
735947,20141215,    13,  1, 113,     9, -1,  91
735948,20141216,    30,  1, 109,    18, -1,  95
735948,20141216,    16, -1,  95,     3,  1,  91
735948,20141216,    15,  1, 105,    10, -1,  98
735948,20141216,    19,  1, 119,    29, -1, 111
735948,20141216,     7, -1, 107,    20,  1,  87
735948,20141216,    21, -1, 104,    26,  1,  92
735949,20141217,    24, -1, 111,     4,  1, 106
735949,20141217,     1, -1, 127,     6,  1,  98
735949,20141217,     2,  1, 109,    22, -1,  92
735949,20141217,     7, -1, 117,     9,  1, 106
735949,20141217,    29, -1, 105,    16,  1,  87
735949,20141217,    28,  1, 105,     3, -1,  89
735949,20141217,    15, -1, 117,    27,  1, 116
735949,20141217,    25,  1, 104,    17, -1,  97
735949,20141217,    11, -1, 115,     8,  1, 111
735949,20141217,    13,  1, 102,    12, -1, 100
735950,20141218,     5,  1, 103,    20, -1,  97
735950,20141218,    19, -1,  99,    11,  1,  90
735950,20141218,    17, -1, 108,    26,  1, 107
735950,20141218,    10,  1, 114,    21, -1, 109
735951,20141219,    29, -1, 101,    22,  1,  94
735951,20141219,     4, -1, 109,    23,  1,  91
735951,20141219,     2,  1, 114,    18, -1,  98
735951,20141219,     6,  1,  95,     3, -1,  91
735951,20141219,    28, -1, 110,     9,  1, 100
735951,20141219,    30, -1, 105,    16,  1, 103
735951,20141219,     5, -1, 103,    15,  1,  97
735951,20141219,    25, -1, 129,    27,  1, 119
735951,20141219,     8,  1, 109,    13, -1, 106
735951,20141219,    21, -1, 104,    14,  1, 103
735952,20141220,    24, -1,  99,    20,  1,  90
735952,20141220,     4,  1, 104,    29, -1,  86
735952,20141220,    25, -1, 114,    19,  1,  88
735952,20141220,     1, -1, 104,    11,  1,  97
735952,20141220,     7,  1,  99,    27, -1,  93
735952,20141220,     8,  1,  76,    12, -1,  73
735952,20141220,    13,  1, 106,    17, -1, 102
735953,20141221,    28,  1, 118,    20, -1, 108
735953,20141221,     6,  1, 105,    15, -1,  91
735953,20141221,     3,  1, 110,     9, -1, 105
735953,20141221,    16,  1, 100,     2, -1,  84
735953,20141221,    23, -1,  96,    22,  1,  88
735953,20141221,    26,  1, 108,    14, -1, 101
735953,20141221,    24, -1, 104,    30,  1,  92
735953,20141221,    12, -1, 100,    18,  1,  96
735953,20141221,    19, -1, 101,    21,  1,  99
735954,20141222,     4,  1, 110,     8, -1,  82
735954,20141222,     5,  1, 129,    28, -1, 120
735954,20141222,    11,  1, 110,    25, -1,  95
735954,20141222,    29, -1,  97,    15,  1,  91
735954,20141222,     1, -1, 105,     7,  1, 102
735954,20141222,    27,  1, 125,    13, -1, 118
735954,20141222,    10,  1, 128,    26, -1, 108
735955,20141223,     6,  1, 125,    18, -1, 104
735955,20141223,    12,  1,  96,    19, -1,  84
735955,20141223,    22,  1, 100,     2, -1,  95
735955,20141223,     5, -1,  99,    30,  1,  91
735955,20141223,     1,  1, 107,    13, -1, 104
735955,20141223,     3,  1, 102,     8, -1,  96
735955,20141223,    23, -1,  91,    16,  1,  87
735955,20141223,     4, -1, 108,    17,  1, 101
735955,20141223,    25, -1, 115,    21,  1, 111
735955,20141223,    24,  1, 124,     7, -1, 115
735955,20141223,    14,  1, 115,    10, -1, 105
735957,20141225,    30, -1, 102,    20,  1,  91
735957,20141225,    21, -1, 114,    27,  1, 106
735957,20141225,    16,  1, 101,     6, -1,  91
735957,20141225,     5,  1, 113,    14, -1,  93
735957,20141225,    13,  1, 100,    10, -1,  86
735958,20141226,     3, -1, 109,     2,  1, 107
735958,20141226,     6, -1,  98,    22,  1,  89
735958,20141226,    17, -1, 107,     1,  1,  77
735958,20141226,     9,  1, 119,    12, -1, 109
735958,20141226,    11, -1, 117,    15,  1, 111
735958,20141226,    19,  1,  97,    27, -1,  90
735958,20141226,    21,  1,  98,     4, -1,  75
735958,20141226,     8,  1, 106,    18, -1, 102
735958,20141226,    25,  1, 114,    23, -1,  93
735958,20141226,    24, -1, 115,    26,  1, 106
735958,20141226,     7,  1, 102,    14, -1,  98
735959,20141227,    28, -1, 110,    13,  1,  98
735959,20141227,    22, -1, 102,     4,  1,  94
735959,20141227,    30,  1, 101,     2, -1,  88
735959,20141227,    15, -1, 103,    16,  1,  95
735959,20141227,    12, -1, 110,     3,  1,  85
735959,20141227,     5,  1, 107,    19, -1, 100
735959,20141227,     1, -1,  90,    17,  1,  85
735959,20141227,    29,  1,  88,    23, -1,  71
735959,20141227,    26,  1, 135,    20, -1, 129
735959,20141227,    10,  1, 110,    18, -1,  97
735960,20141228,     9, -1, 103,     6,  1,  80
735960,20141228,    27,  1, 110,    11, -1, 106
735960,20141228,     7,  1, 112,    21, -1, 107
735960,20141228,    28, -1, 116,     8,  1, 102
735960,20141228,    25,  1, 101,    20, -1,  79
735960,20141228,    24, -1, 116,    14,  1, 107
735961,20141229,    17, -1, 104,     4,  1,  94
735961,20141229,     5, -1,  92,    12,  1,  90
735961,20141229,     3,  1, 107,    26, -1,  99
735961,20141229,    22, -1, 102,    16,  1, 101
735961,20141229,    30, -1, 104,    11,  1, 103
735961,20141229,    13,  1, 101,    29, -1,  97
735962,20141230,     9, -1, 109,    22,  1,  86
735962,20141230,     1,  1, 109,     6, -1, 101
735962,20141230,     3, -1,  96,     5,  1,  82
735962,20141230,    15,  1,  95,    27, -1,  87
735962,20141230,    19,  1, 110,    24, -1, 106
735962,20141230,     7,  1, 114,    30, -1,  87
735962,20141230,    14, -1, 111,     8,  1, 103
735962,20141230,    29,  1, 100,    18, -1,  94
735962,20141230,    25,  1, 102,    28, -1,  97
735962,20141230,    10,  1, 126,    23, -1,  86
735963,20141231,     2,  1, 106,    26, -1,  84
735963,20141231,    12,  1, 106,    16, -1,  95
735963,20141231,    13,  1,  99,    20, -1,  78
735963,20141231,    17, -1,  96,     6,  1,  80
735963,20141231,    11,  1, 102,     4, -1,  83
735963,20141231,    27,  1,  95,    19, -1,  93
735963,20141231,    21,  1, 137,    24, -1, 134
735964,20150101,     5,  1, 106,     8, -1, 101
735964,20150101,    26, -1, 110,    18,  1, 107
735965,20150102,     6, -1,  91,     4,  1,  87
735965,20150102,     3, -1, 100,    22,  1,  98
735965,20150102,     7, -1, 119,     2,  1, 101
735965,20150102,     9, -1,  97,    20,  1,  81
735965,20150102,    19,  1, 111,    11, -1,  83
735965,20150102,    21,  1, 109,    30, -1, 102
735965,20150102,    12, -1,  94,    17,  1,  91
735965,20150102,    24,  1, 112,    23, -1,  96
735965,20150102,     1, -1,  98,    29,  1,  92
735965,20150102,    10,  1, 126,    28, -1, 105
735965,20150102,    15, -1, 109,    14,  1, 106
735966,20150103,     4, -1,  98,    22,  1,  90
735966,20150103,     5,  1, 109,     2, -1, 104
735966,20150103,    11,  1, 115,    16, -1,  79
735966,20150103,    29, -1, 101,    18,  1,  89
735966,20150103,    27,  1, 101,    30, -1,  92
735966,20150103,     8,  1, 114,    15, -1,  85
735966,20150103,     1, -1, 115,    25,  1, 107
735966,20150103,    13,  1, 127,    23, -1,  91
735967,20150104,     7, -1, 109,     6,  1,  90
735967,20150104,     9,  1, 114,    26, -1,  95
735967,20150104,    16,  1,  88,     3, -1,  84
735967,20150104,    17, -1,  95,    20,  1,  82
735967,20150104,    24,  1, 125,    28, -1, 109
735967,20150104,    14,  1,  88,    12, -1,  87
735968,20150105,    23,  1,  95,     6, -1,  92
735968,20150105,     4, -1, 104,     2,  1,  95
735968,20150105,     7, -1,  96,     3,  1,  88
735968,20150105,     5,  1, 114,    11, -1, 105
735968,20150105,    15,  1, 105,    20, -1,  83
735968,20150105,     8, -1, 110,    18,  1, 101
735968,20150105,    30, -1,  92,    19,  1,  85
735968,20150105,    12, -1, 105,    29,  1, 101
735968,20150105,    25,  1,  98,    14, -1,  94
735968,20150105,    10,  1, 117,    21, -1,  91
735968,20150105,     1, -1, 107,    13,  1,  98
735969,20150106,    24, -1, 102,    17,  1,  96
735969,20150106,     9, -1, 105,    27,  1, 104
735970,20150107,     4,  1,  98,    19, -1,  94
735970,20150107,    11, -1, 105,     6,  1,  93
735970,20150107,    17, -1,  97,    23,  1,  77
735970,20150107,    30,  1, 101,    20, -1,  91
735970,20150107,     1,  1,  96,    15, -1,  86
735970,20150107,     2, -1,  89,     3,  1,  81
735970,20150107,    29, -1,  97,     5,  1,  77
735970,20150107,     9, -1, 108,     7,  1,  95
735970,20150107,     8,  1,  93,    22, -1,  90
735970,20150107,    24, -1, 113,    18,  1, 111
735970,20150107,    26,  1, 104,    21, -1,  83
735970,20150107,    10,  1, 117,    12, -1, 102
735970,20150107,    13,  1, 114,    14, -1,  89
735971,20150108,     4, -1, 103,    28,  1,  95
735971,20150108,    11, -1, 120,    20,  1,  96
735971,20150108,    25,  1,  99,    16, -1,  83
735972,20150109,     1, -1, 106,     9,  1, 103
735972,20150109,    12,  1, 107,     2, -1, 103
735972,20150109,    23, -1,  90,     3,  1,  88
735972,20150109,    19,  1, 106,    15, -1,  95
735972,20150109,    21,  1,  99,    29, -1,  94
735972,20150109,    30,  1, 102,     5, -1,  86
735972,20150109,    17,  1,  98,    18, -1,  84
735972,20150109,    27,  1, 100,    24, -1,  95
735972,20150109,     8, -1, 118,    26,  1, 108
735972,20150109,    10,  1, 112,     6, -1,  94
735972,20150109,    14,  1, 101,    22, -1,  84
735973,20150110,     4, -1, 110,    20,  1,  82
735973,20150110,    13,  1, 120,     7, -1, 100
735973,20150110,     9,  1,  98,     3, -1,  93
735973,20150110,    23,  1,  93,    12, -1,  92
735973,20150110,    28,  1, 109,     2, -1,  96
735973,20150110,     5,  1,  95,    17, -1,  87
735973,20150110,    11,  1,  97,    29, -1,  82
735973,20150110,    27, -1, 108,    18,  1,  93
735973,20150110,    25,  1, 103,    22, -1,  92
735974,20150111,     1,  1, 120,    30, -1,  89
735974,20150111,    16, -1, 104,    13,  1,  90
735974,20150111,    15,  1, 122,    24, -1, 110
735974,20150111,    26,  1, 103,     6, -1,  84
735974,20150111,    25, -1, 106,    14,  1,  94
735975,20150112,     2,  1, 108,    19, -1, 100
735975,20150112,    11, -1, 113,     3,  1,  99
735975,20150112,     9, -1, 114,    28,  1, 111
735975,20150112,    22, -1, 121,     5,  1, 114
735976,20150113,    18, -1, 110,    12,  1, 101
735976,20150113,     1, -1, 105,    23,  1,  87
735976,20150113,    30,  1, 101,    27, -1,  93
735976,20150113,    24,  1, 107,     6, -1, 100
735976,20150113,    10, -1, 116,    29,  1, 105
735976,20150113,     7, -1, 108,    26,  1, 104
735976,20150113,    16, -1,  78,    14,  1,  75
735977,20150114,    27, -1,  98,     4,  1,  93
735977,20150114,    22,  1, 120,    11, -1, 113
735977,20150114,    15, -1, 103,     3,  1,  92
735977,20150114,    19, -1, 105,     9,  1,  94
735977,20150114,    28,  1, 100,    23, -1,  84
735977,20150114,     1, -1, 105,     2,  1,  91
735977,20150114,    30, -1, 105,     5,  1,  99
735977,20150114,     8,  1, 114,     7, -1, 107
735977,20150114,    10,  1, 104,    16, -1,  89
735977,20150114,    13, -1, 100,    25,  1,  94
735978,20150115,    17,  0,  95,    20,  0,  79
735978,20150115,    11,  1, 112,    21, -1, 101
735978,20150115,     6, -1, 109,    14,  1, 102
735979,20150116,     9, -1,  98,    12,  1,  96
735979,20150116,    15, -1, 106,    22,  1,  96
735979,20150116,    23,  1,  96,    19, -1,  81
735979,20150116,     3, -1, 102,    30,  1,  80
735979,20150116,     5, -1, 119,     2,  1, 103
735979,20150116,     1, -1, 110,    28,  1,  89
735979,20150116,    21,  1, 127,    10, -1, 115
735979,20150116,     7,  1,  97,     8, -1,  89
735979,20150116,    27,  1, 110,    25, -1,  96
735979,20150116,    24,  1, 110,    18, -1,  99
735979,20150116,    29,  1,  94,    14, -1,  85
735979,20150116,    16, -1,  95,    26,  1,  83
735979,20150116,     6, -1, 126,    13,  1, 121
735980,20150117,     4,  1,  80,    12, -1,  71
735980,20150117,     9,  1, 107,    23, -1,  89
735980,20150117,    30, -1,  99,     3,  1,  90
735980,20150117,     1, -1, 107,     5,  1,  99
735980,20150117,    10, -1, 131,    11,  1, 106
735980,20150117,    15,  1, 102,    25, -1,  98
735980,20150117,    18, -1, 113,     8,  1, 105
735980,20150117,    13, -1, 117,    26,  1, 108
735981,20150118,    19, -1,  95,    28,  1,  93
735981,20150118,    21, -1, 127,    22,  1,  99
735981,20150118,    27,  1,  89,    29, -1,  69
735982,20150119,     4,  1, 105,    18, -1,  80
735982,20150119,    30,  1, 111,    23, -1,  76
735982,20150119,     1,  1,  93,     9, -1,  82
735982,20150119,    13,  1, 102,     2, -1,  93
735982,20150119,    10,  1, 122,     8, -1,  79
735982,20150119,     7, -1, 103,    15,  1,  95
735982,20150119,    11,  1, 110,    12, -1,  98
735982,20150119,    20,  1,  99,    19, -1,  92
735982,20150119,     6,  1, 108,     5, -1,  94
735982,20150119,    28, -1,  92,    17,  1,  89
735982,20150119,    24,  1, 115,    14, -1, 100
735982,20150119,    25,  1,  98,    26, -1,  94
735983,20150120,    21, -1,  94,    16,  1,  86
735983,20150120,    27, -1, 109,     8,  1,  99
735984,20150121,     4,  1,  78,    16, -1,  76
735984,20150121,     6,  1, 106,    29, -1,  92
735984,20150121,    20, -1,  98,    23,  1,  91
735984,20150121,     1,  1, 110,    12, -1,  91
735984,20150121,     9,  1, 128,    22, -1, 118
735984,20150121,    15,  1,  92,    28, -1,  86
735984,20150121,     7, -1,  98,    18,  1,  75
735984,20150121,    19,  1,  96,    14, -1,  80
735984,20150121,    21, -1, 105,    30,  1, 103
735984,20150121,    24,  1, 118,    25, -1, 113
735984,20150121,     3, -1, 103,    26,  1, 100
735984,20150121,    10,  1, 126,    11, -1, 113
735985,20150122,     5,  1, 104,    27, -1,  81
735985,20150122,    29, -1, 101,    17,  1,  99
735985,20150122,     2, -1,  90,    25,  1,  89
735985,20150122,    13,  1, 123,     3, -1,  84
735986,20150123,    28, -1,  91,    23,  1,  86
735986,20150123,     1,  1, 103,    21, -1,  93
735986,20150123,     6,  1, 129,     4, -1,  90
735986,20150123,    16,  1,  89,    12, -1,  87
735986,20150123,    20,  1, 113,    22, -1, 106
735986,20150123,     5, -1, 102,     7,  1,  98
735986,20150123,    19, -1,  92,    18,  1,  84
735986,20150123,    27,  1,  99,    14, -1,  85
735986,20150123,     2, -1, 100,     8,  1,  99
735986,20150123,    11, -1, 113,    24,  1, 111
735986,20150123,    10,  1, 126,    26, -1, 101
735987,20150124,     4,  1,  76,    20, -1,  71
735987,20150124,    17,  1, 101,     9, -1,  86
735987,20150124,    15,  1, 101,    23, -1,  83
735987,20150124,    29,  1, 108,     3, -1,  73
735987,20150124,    25,  1, 103,    30, -1,  96
735988,20150125,    16, -1,  96,     5,  1,  84
735988,20150125,     6,  1, 108,    21, -1,  98
735988,20150125,     1,  1, 112,    18, -1, 100
735988,20150125,    19,  1, 109,     7, -1, 106
735988,20150125,    12, -1, 106,    22,  1,  99
735988,20150125,    13, -1, 120,    24,  1, 100
735988,20150125,    27,  1, 101,    17, -1,  95
735988,20150125,    28,  1, 114,     9, -1, 110
735988,20150125,    30, -1, 117,     8,  1, 115
735988,20150125,    10,  1, 114,     2, -1, 111
735988,20150125,    11, -1,  99,    14,  1,  87
735989,20150126,    15,  1, 103,    22, -1,  94
735989,20150126,    19,  1,  99,    23, -1,  74
735989,20150126,    21,  1,  92,    18, -1,  84
735989,20150126,     2, -1,  99,    29,  1,  90
735989,20150126,    13,  1, 102,     8, -1,  98
735990,20150127,    28, -1, 104,    12,  1,  91
735990,20150127,     6, -1, 103,     9,  1,  95
735990,20150127,    17, -1, 109,    16,  1, 102
735990,20150127,    15, -1, 109,     7,  1,  90
735990,20150127,     5, -1, 113,    10,  1, 111
735990,20150127,    30, -1,  98,    14,  1,  92
735991,20150128,     6,  1,  99,    25, -1,  94
735991,20150128,    23,  1,  89,     9, -1,  69
735991,20150128,     1,  1, 113,     3, -1, 102
735991,20150128,    28,  1, 119,    26, -1, 102
735991,20150128,    11,  1,  99,     7, -1,  94
735991,20150128,    18,  1, 110,     2, -1,  98
735991,20150128,     8, -1,  93,    19,  1,  85
735991,20150128,    20,  1, 100,    21, -1,  92
735991,20150128,    27,  1,  95,     4, -1,  86
735991,20150128,    13, -1,  94,    29,  1,  89
735991,20150128,    24,  1, 106,    30, -1,  98
735992,20150129,    17, -1, 115,    22,  1, 100
735992,20150129,    12,  1, 103,    20, -1,  82
735992,20150129,    15,  1,  99,     8, -1,  69
735992,20150129,    14,  1, 123,     5, -1, 118
735993,20150130,    23,  1, 103,    18, -1,  94
735993,20150130,     1,  1, 105,    25, -1,  99
735993,20150130,    11, -1,  93,     2,  1,  87
735993,20150130,    28, -1, 127,     3,  1, 122
735993,20150130,     6,  1, 101,    26, -1,  90
735993,20150130,     7, -1,  93,    16,  1,  72
735993,20150130,    19,  1, 108,    13, -1, 103
735993,20150130,    29,  1, 110,    10, -1, 100
735993,20150130,    24,  1,  99,     5, -1,  93
735994,20150131,    26, -1,  99,    12,  1,  94
735994,20150131,     7, -1, 108,    22,  1,  93
735994,20150131,    28, -1, 120,    30,  1, 116
735994,20150131,     1,  1,  91,    23, -1,  85
735994,20150131,     9,  1, 114,    11, -1, 101
735994,20150131,    15,  1,  85,    21, -1,  74
735994,20150131,     6, -1, 106,    18,  1,  90
735994,20150131,    17,  1,  95,    25, -1,  88
735994,20150131,     4, -1, 104,     8,  1,  86
735994,20150131,    13, -1, 105,    27,  1,  85
735994,20150131,    10,  1, 106,    24, -1,  87
735995,20150201,    16, -1,  83,     2,  1,  75
735995,20150201,    20,  1,  92,    14, -1,  80
735996,20150202,     6,  1,  97,    23, -1,  84
735996,20150202,     4, -1,  92,    30,  1,  88
735996,20150202,     3,  1, 102,    13, -1, 100
735996,20150202,    17, -1,  82,    28,  1,  75
735996,20150202,    19,  1, 115,     1, -1, 100
735996,20150202,    21,  1, 104,    22, -1,  97
735996,20150202,     7,  1, 100,    18, -1,  94
735996,20150202,    15, -1, 102,    24,  1, 101
735997,20150203,    23,  1, 105,     8, -1,  98
735997,20150203,     9,  1, 108,    16, -1,  91
735997,20150203,     2, -1, 108,    20,  1,  97
735997,20150203,    25,  1, 103,    29, -1, 102
735997,20150203,    10, -1, 121,    26,  1,  96
735998,20150204,    12,  1, 114,     9, -1, 109
735998,20150204,     1,  1, 105,    30, -1,  96
735998,20150204,     2,  1, 104,     8, -1, 100
735998,20150204,     3, -1, 109,    28,  1,  93
735998,20150204,    11,  1, 101,     5, -1,  90
735998,20150204,    17,  1, 113,    14, -1, 105
735998,20150204,    18,  1, 102,    16, -1, 101
735998,20150204,    21, -1, 102,    19,  1,  91
735998,20150204,    27,  1, 110,    22, -1, 103
735998,20150204,    15, -1, 100,    29,  1,  90
735998,20150204,    10,  1, 128,     7, -1, 114
735999,20150205,     4,  1,  94,    30, -1,  87
735999,20150205,     6,  1, 105,    13, -1,  94
735999,20150205,     7, -1, 101,    26,  1,  78
735999,20150205,    25,  1, 108,    24, -1,  87
736000,20150206,     3,  1,  92,    20, -1,  88
736000,20150206,    12,  1, 103,     6, -1,  99
736000,20150206,    22,  1, 103,    14, -1,  97
736000,20150206,     1,  1, 124,    10, -1, 116
736000,20150206,     2,  1, 107,    23, -1,  96
736000,20150206,     9,  1,  98,     8, -1,  88
736000,20150206,    28,  1, 123,    13, -1, 107
736000,20150206,    11,  1, 117,    17, -1, 111
736000,20150206,    18,  1,  90,    15, -1,  89
736000,20150206,    19, -1, 116,    21,  1, 113
736000,20150206,    24,  1, 100,    29, -1,  93
736000,20150206,    27,  1,  98,    16, -1,  85
736001,20150207,     5, -1, 107,    19,  1,  72
736001,20150207,    30,  1, 114,     3, -1,  77
736001,20150207,    10, -1, 106,    20,  1,  92
736001,20150207,    23,  1,  89,     4, -1,  81
736001,20150207,     7,  1, 111,    25, -1, 101
736001,20150207,    17,  1,  96,     2, -1,  93
736001,20150207,    29,  1, 102,    26, -1,  90
736002,20150208,    21,  1, 131,    13, -1, 108
736002,20150208,     6,  1, 120,    14, -1, 105
736002,20150208,    12, -1, 103,     4,  1, 102
736002,20150208,    18, -1, 112,     9,  1, 101
736002,20150208,    15,  1,  94,     1, -1,  88
736002,20150208,     5, -1,  98,    22,  1,  97
736002,20150208,    25, -1, 109,    11,  1,  98
736002,20150208,    28,  1,  87,    27, -1,  82
736002,20150208,    26,  1,  85,    24, -1,  83
736003,20150209,    27, -1,  95,    12,  1,  93
736003,20150209,    10, -1,  89,    23,  1,  84
736003,20150209,    30,  1,  96,    22, -1,  80
736003,20150209,    16,  1, 109,    20, -1,  95
736003,20150209,    17,  1, 103,     3, -1,  97
736003,20150209,     1, -1, 117,    18,  1, 105
736003,20150209,    29, -1, 100,    19,  1,  96
736003,20150209,    13, -1, 115,     7,  1,  98
736003,20150209,    21, -1, 124,     8,  1, 114
736004,20150210,     9, -1, 106,     4,  1,  78
736004,20150210,     5,  1, 104,    26, -1,  86
736004,20150210,    15,  1,  95,     3, -1,  86
736004,20150210,    11, -1, 127,    24,  1, 118
736004,20150210,     8, -1, 106,    14,  1,  96
736005,20150211,    22,  1,  89,    20, -1,  83
736005,20150211,     2,  1,  89,     1, -1,  88
736005,20150211,    27, -1, 104,     9,  1,  87
736005,20150211,    28,  1,  95,    30, -1,  93
736005,20150211,     6,  1, 113,    16, -1,  93
736005,20150211,    17,  1, 111,    26, -1, 103
736005,20150211,    10, -1,  94,    18,  1,  91
736005,20150211,    12, -1, 106,    19,  1,  93
736005,20150211,    21,  1, 105,    15, -1,  89
736005,20150211,     7,  1,  87,    29, -1,  82
736005,20150211,    25,  1, 102,    14, -1,  86
736005,20150211,    13,  1, 110,    11, -1,  95
736006,20150212,     5,  1, 113,     6, -1,  98
736013,20150219,    21,  1, 104,     7, -1,  89
736013,20150219,    13,  1, 119,    27, -1, 115
736014,20150220,    22,  1,  95,    19, -1,  84
736014,20150220,    12, -1, 106,    23,  1,  95
736014,20150220,    28, -1, 105,     1,  1,  80
736014,20150220,     9,  1, 100,     5, -1,  91
736014,20150220,    16, -1, 111,    20,  1,  87
736014,20150220,    18,  1, 111,    24, -1, 109
736014,20150220,     6, -1, 127,    30,  1,  89
736014,20150220,     7,  1, 111,    11, -1, 100
736014,20150220,    17,  1,  89,     8, -1,  81
736014,20150220,    29,  1,  92,    25, -1,  76
736014,20150220,    26,  1, 109,     2, -1, 101
736014,20150220,    10,  1, 110,    27, -1,  99
736014,20150220,     3, -1, 114,    14,  1, 105
736015,20150221,    21, -1, 110,     4,  1, 103
736015,20150221,    19, -1, 105,    16,  1,  91
736015,20150221,     5,  1, 112,    24, -1, 107
736015,20150221,    11,  1,  98,    28, -1,  76
736015,20150221,    13,  1, 126,    26, -1,  99
736016,20150222,     6, -1, 101,    20,  1,  83
736016,20150222,     9,  1, 106,    30, -1,  89
736016,20150222,     1, -1,  97,    17,  1,  86
736016,20150222,    12,  1, 104,    10, -1,  98
736016,20150222,    22,  1, 103,    23, -1,  98
736016,20150222,    21,  1, 119,     8, -1,  94
736016,20150222,     7,  1,  92,     4, -1,  81
736016,20150222,    15, -1,  98,    25,  1,  92
736016,20150222,    14,  1, 118,     2, -1, 111
736017,20150223,    16,  1, 119,    23, -1, 108
736017,20150223,     5,  1,  87,    17, -1,  71
736017,20150223,    11,  1, 113,    18, -1, 102
736017,20150223,    19,  1, 100,    28, -1,  97
736017,20150223,     3, -1, 110,     8,  1,  82
736017,20150223,     2, -1, 115,    24,  1, 110
736017,20150223,    29,  1,  90,    27, -1,  81
736017,20150223,    15, -1,  90,    13,  1,  87
736018,20150224,     6, -1, 102,     9,  1,  93
736018,20150224,    10, -1, 114,    30,  1, 107
736018,20150224,    21,  1, 105,    12, -1,  92
736018,20150224,     7,  1,  99,    28, -1,  92
736019,20150225,    16, -1,  93,    22,  1,  90
736019,20150225,     1,  1, 104,     7, -1,  87
736019,20150225,     2,  1, 115,    20, -1,  94
736019,20150225,     4, -1,  98,     5,  1,  86
736019,20150225,    11,  1, 110,    13, -1, 105
736019,20150225,    17,  1, 104,    23, -1,  88
736019,20150225,    18,  1,  97,    30, -1,  77
736019,20150225,    19,  1, 102,     3, -1,  96
736019,20150225,    24, -1, 110,     8,  1,  96
736019,20150225,    14, -1, 100,    29,  1,  97
736019,20150225,    26,  1, 102,    15, -1,  90
736019,20150225,    25,  1, 111,    27, -1,  95
736020,20150226,     6,  1, 110,    10, -1,  99
736020,20150226,    24,  1, 117,    21, -1, 113
736021,20150227,    12,  1,  93,     6, -1,  86
736021,20150227,    23,  1,  89,    30, -1,  81
736021,20150227,     1,  1,  95,    22, -1,  88
736021,20150227,     2,  1, 106,     4, -1,  98
736021,20150227,    20, -1, 121,     9,  1, 115
736021,20150227,    10, -1, 113,    28,  1,  89
736021,20150227,     5,  1,  96,    18, -1,  89
736021,20150227,    11,  1, 102,     3, -1,  98
736021,20150227,    13, -1,  97,    15,  1,  79
736021,20150227,    19,  1, 104,    16, -1, 102
736021,20150227,    29, -1, 104,     8,  1,  82
736021,20150227,    27, -1, 107,    26,  1,  96
736021,20150227,    14,  1, 101,    17, -1,  93
736021,20150227,    25,  1, 115,    21, -1, 112
736022,20150228,    30,  1,  99,     9, -1,  95
736022,20150228,     1, -1,  93,    16,  1,  91
736022,20150228,    20,  1, 103,    28, -1,  98
736022,20150228,    15, -1, 101,    18,  1,  97
736022,20150228,     3, -1, 104,     7,  1,  94
736022,20150228,    27, -1, 101,    24,  1,  74
736022,20150228,    29,  1,  82,    17, -1,  75
736023,20150301,    13, -1,  96,     5,  1,  86
736023,20150301,    21, -1, 108,    14,  1, 101
736023,20150301,    10, -1, 106,     2,  1, 101
736023,20150301,    12,  1,  94,    23, -1,  74
736023,20150301,     4, -1,  98,    22,  1,  83
736023,20150301,    25, -1, 110,    26,  1,  99
736023,20150301,    11,  1, 105,     6, -1, 103
736023,20150301,    19, -1,  99,     8,  1,  92
736024,20150302,    28, -1, 114,    23,  1, 103
736024,20150302,     3,  1, 110,    10, -1, 108
736024,20150302,    16,  1, 115,    24, -1,  98
736024,20150302,    13, -1, 110,    18,  1, 105
736024,20150302,     7,  1, 102,    19, -1,  93
736025,20150303,     4,  1, 104,    14, -1, 103
736025,20150303,     6,  1, 110,     2, -1,  79
736025,20150303,     1,  1, 104,    11, -1,  96
736025,20150303,     5,  1,  97,    30, -1,  92
736025,20150303,    29, -1,  93,    15,  1,  82
736025,20150303,     8,  1, 106,    17, -1,  95
736025,20150303,    26, -1, 124,    20,  1,  86
736026,20150304,    12,  1, 105,    20, -1,  82
736026,20150304,    24, -1, 105,    22,  1, 100
736026,20150304,     2,  1,  85,    29, -1,  84
736026,20150304,     4, -1, 115,     3,  1,  91
736026,20150304,     6, -1, 120,    28,  1, 112
736026,20150304,    15, -1, 102,    11,  1, 100
736026,20150304,    16,  1, 100,    14, -1,  94
736026,20150304,     8, -1, 100,    18,  1,  85
736026,20150304,    19,  1,  88,     9, -1,  85
736026,20150304,    21,  1, 123,    23, -1, 118
736026,20150304,    27,  1, 112,    26, -1,  85
736026,20150304,    10,  1, 102,    17, -1,  93
736026,20150304,    25, -1,  98,    13,  1,  93
736027,20150305,     5,  1, 108,    21, -1, 105
736027,20150305,    25,  1,  94,     7, -1,  75
736028,20150306,     4,  1, 103,    28, -1,  94
736028,20150306,    12,  1,  98,     5, -1,  84
736028,20150306,    22,  1, 119,    26, -1, 114
736028,20150306,    29, -1,  89,    23,  1,  83
736028,20150306,     1,  1, 106,     6, -1,  97
736028,20150306,    24, -1, 108,     3,  1, 100
736028,20150306,    11,  1, 103,     9, -1,  93
736028,20150306,    15,  1,  97,    14, -1,  90
736028,20150306,     2, -1, 104,    19,  1,  98
736028,20150306,    30,  1,  99,    16, -1,  97
736028,20150306,    27,  1, 120,     8, -1, 111
736028,20150306,    10,  1, 104,     7, -1,  89
736029,20150307,    19,  1,  95,    15, -1,  89
736029,20150307,     6,  1,  89,    24, -1,  79
736029,20150307,    16,  1, 114,    26, -1, 109
736029,20150307,    12, -1,  92,    20,  1,  86
736029,20150307,    23,  1,  92,     1, -1,  84
736029,20150307,    18,  1, 121,    25, -1, 113
736029,20150307,    17,  1,  91,    30, -1,  85
736029,20150307,    11, -1, 114,     8,  1, 100
736030,20150308,    27,  1, 116,     5, -1, 105
736030,20150308,    10,  1, 106,    13, -1,  98
736030,20150308,    29, -1,  95,     3,  1,  88
736030,20150308,     4, -1, 108,     9,  1, 101
736030,20150308,    22,  1, 103,     2, -1,  98
736030,20150308,    21,  1, 108,    28, -1, 104
736030,20150308,     7, -1, 100,    14,  1,  93
736031,20150309,    30, -1,  95,     4,  1,  69
736031,20150309,     1,  1, 130,    26, -1, 105
736031,20150309,     2, -1, 100,    16,  1,  90
736031,20150309,    15, -1, 101,     5,  1,  91
736031,20150309,    19, -1, 114,    17,  1, 103
736031,20150309,     8,  1, 106,    20, -1,  78
736031,20150309,    10, -1,  98,    24,  1,  80
736031,20150309,    13,  1,  89,    18, -1,  76
736032,20150310,    12,  1, 118,    22, -1,  86
736032,20150310,    19, -1, 111,     3,  1,  91
736032,20150310,     6, -1, 127,     7,  1,  94
736032,20150310,    27,  1, 117,    28, -1, 107
736032,20150310,    29,  1,  87,    20, -1,  82
736032,20150310,    14,  1,  93,     9, -1,  85
736033,20150311,    26, -1, 113,     4,  1, 106
736033,20150311,     5, -1, 104,    23,  1,  95
736033,20150311,     2,  1,  95,    15, -1,  92
736033,20150311,    16,  1, 104,     3, -1,  98
736033,20150311,    17,  1,  97,    22, -1,  91
736033,20150311,    13, -1, 120,    21,  1, 108
736033,20150311,     8,  1, 115,     1, -1, 102
736033,20150311,    24,  1, 106,    18, -1,  97
736033,20150311,    10,  1, 105,     9, -1,  98
736033,20150311,    25,  1, 105,    11, -1, 100
736034,20150312,    12,  1, 109,    17, -1, 103
736034,20150312,    30,  1, 107,    15, -1,  87
736034,20150312,     6, -1, 128,    27,  1, 125
736034,20150312,    29,  1, 109,    11, -1,  91
736034,20150312,    20, -1, 101,    14,  1,  94
736035,20150313,     4,  1, 101,     5, -1,  91
736035,20150313,    23,  1, 114,    26, -1, 107
736035,20150313,     2,  1,  95,    22, -1,  88
736035,20150313,    28,  1, 102,    16, -1,  92
736035,20150313,    21,  1, 113,    18, -1,  99
736035,20150313,     7,  1, 129,    13, -1,  99
736035,20150313,     8,  1, 114,    10, -1, 103
736035,20150313,     1, -1,  96,    24,  1,  87
736035,20150313,    25,  1, 118,     9, -1,  99
736036,20150314,     2, -1,  93,    12,  1,  89
736036,20150314,    30,  1, 113,    26, -1,  97
736036,20150314,     3, -1,  94,    23,  1,  87
736036,20150314,    15,  1,  96,    17, -1,  83
736036,20150314,    29,  1,  88,     9, -1,  85
736036,20150314,    10,  1, 125,    20, -1,  94
736037,20150315,    21,  1, 109,     5, -1, 100
736037,20150315,    11, -1, 100,    13,  1,  98
736037,20150315,     8, -1, 118,    19,  1, 111
736037,20150315,     6, -1, 123,    22,  1, 108
736037,20150315,    27,  1, 123,    18, -1,  97
736037,20150315,    25, -1, 113,    28,  1,  97
736037,20150315,    24,  1, 102,    20, -1,  89
736037,20150315,     1, -1,  91,    14,  1,  86
736038,20150316,    28, -1, 117,    12,  1,  98
736038,20150316,    30,  1, 105,    25, -1,  97
736038,20150316,     2,  1, 108,    23, -1,  89
736038,20150316,    15,  1,  92,     8, -1,  81
736038,20150316,    16,  1, 106,     6, -1,  92
736038,20150316,     3, -1, 122,    18,  1, 106
736038,20150316,     7,  1, 119,    21, -1, 115
736038,20150316,    29,  1,  94,     4, -1,  66
736038,20150316,     1, -1, 110,    26,  1, 103
736038,20150316,    10,  1, 108,    14, -1, 105
736039,20150317,     9,  1, 105,    15, -1,  95
736039,20150317,    20,  1, 104,    27, -1, 100
736039,20150317,    11,  1, 107,    22, -1,  94
736039,20150317,    19,  1,  85,    17, -1,  84
736039,20150317,    13,  1,  99,     4, -1,  92
736040,20150318,     6,  1, 117,     3, -1,  92
736040,20150318,    23,  1,  94,     9, -1,  83
736040,20150318,    16,  1, 108,    25, -1, 104
736040,20150318,    28,  1, 105,    18, -1, 100
736040,20150318,     5,  1, 103,    12, -1,  86
736040,20150318,    27, -1, 114,    17,  1, 103
736040,20150318,    21,  1, 122,     2, -1, 118
736040,20150318,     7,  1, 107,    22, -1, 102
736040,20150318,    13, -1, 116,    26,  1, 105
736040,20150318,    10,  1, 114,     1, -1,  95
736040,20150318,    30, -1,  88,    29,  1,  84
736041,20150319,    18, -1,  95,    20,  1,  92
736041,20150319,    11,  1, 118,     8, -1, 108
736041,20150319,    24,  1,  74,    19, -1,  72
736041,20150319,    29, -1,  80,    14,  1,  73
736042,20150320,    22,  1, 111,    25, -1, 104
736042,20150320,    23,  1,  97,    20, -1,  81
736042,20150320,     3,  1, 129,    17, -1, 127
736042,20150320,     6,  1,  95,    12, -1,  92
736042,20150320,    16,  1, 108,     8, -1,  91
736042,20150320,     5,  1, 108,    28, -1,  92
736042,20150320,    21,  1, 123,     1, -1, 115
736042,20150320,    15, -1, 112,     7,  1, 101
736042,20150320,    27,  1, 101,     2, -1,  89
736042,20150320,    26,  1, 101,     4, -1,  91
736042,20150320,    10,  1, 112,    19, -1,  96
736042,20150320,    13,  1, 113,    30, -1,  99
736043,20150321,     3, -1, 123,    12,  1, 111
736043,20150321,     9,  1, 107,     5, -1,  91
736043,20150321,    24, -1, 117,    11,  1, 102
736043,20150321,    15,  1,  97,    25, -1,  86
736043,20150321,    10,  1, 106,    29, -1,  91
736044,20150322,    27, -1, 114,     1,  1,  95
736044,20150322,     6, -1, 108,    17,  1,  90
736044,20150322,    21,  1,  93,    16, -1,  75
736044,20150322,    13,  1, 107,    19, -1, 100
736044,20150322,    28,  1, 106,    20, -1,  89
736044,20150322,     9, -1, 105,     2,  1,  97
736044,20150322,     8, -1, 119,    22,  1, 100
736044,20150322,    26,  1, 109,    30, -1,  86
736044,20150322,     4, -1, 109,    18,  1,  98
736044,20150322,    24,  1,  98,     7, -1,  92
736044,20150322,    14,  1, 101,    23, -1,  87
736045,20150323,    11, -1, 110,    12,  1, 100
736045,20150323,     2, -1, 110,     3,  1,  91
736045,20150323,    15, -1, 103,    20,  1,  82
736045,20150323,     5,  1,  98,     4, -1,  86
736045,20150323,    18, -1, 106,    29,  1, 104
736045,20150323,    10,  1, 107,    30, -1,  76
736046,20150324,     9,  1, 108,    28, -1, 104
736046,20150324,    17,  1,  89,    16, -1,  88
736046,20150324,    21,  1, 127,    14, -1, 117
736046,20150324,     7,  1, 101,    27, -1,  94
736046,20150324,    26,  1, 107,    23, -1, 106
736046,20150324,    10, -1, 122,    25,  1, 108
736047,20150325,     3, -1,  91,     4,  1,  88
736047,20150325,    13, -1, 111,    20,  1,  80
736047,20150325,     1, -1,  95,    22,  1,  83
736047,20150325,    12, -1, 103,    30,  1, 101
736047,20150325,    16, -1,  93,     2,  1,  86
736047,20150325,     5, -1, 116,    28,  1, 103
736047,20150325,     6, -1, 111,    15,  1,  89
736047,20150325,    14, -1, 101,    18,  1,  99
736047,20150325,    11, -1,  95,    19,  1,  93
736047,20150325,    23, -1,  99,     8,  1,  85
736047,20150325,    25, -1,  92,    29,  1,  89
736047,20150325,    27,  1, 130,    21, -1,  91
736047,20150325,    26, -1, 108,    24,  1,  99
736048,20150326,    17,  1, 111,    12, -1, 107
736049,20150327,     9, -1, 111,    22,  1,  97
736049,20150327,    13, -1, 119,    23,  1,  98
736049,20150327,    30,  1, 110,     4, -1, 107
736049,20150327,     1,  1,  99,    16, -1,  86
736049,20150327,     3,  1, 106,     6, -1,  98
736049,20150327,     2, -1,  96,    20,  1,  92
736049,20150327,    28,  1,  94,    14, -1,  83
736049,20150327,    11,  1, 120,    18, -1, 110
736049,20150327,    10, -1, 107,    15,  1,  84
736049,20150327,    19,  1, 102,    26, -1,  88
736049,20150327,    27,  1,  94,     7, -1,  76
736049,20150327,     8,  1, 107,    29, -1,  91
736049,20150327,    25, -1,  87,    24,  1,  81
736050,20150328,     4,  1, 115,     1, -1, 100
736050,20150328,     5,  1, 111,    20, -1,  80
736050,20150328,    10, -1, 108,    17,  1,  95
736050,20150328,    29,  1,  94,    21, -1,  89
736050,20150328,    25,  1, 120,     8, -1, 114
736051,20150329,     6,  1,  87,    23, -1,  86
736051,20150329,     3,  1, 107,    14, -1,  99
736051,20150329,    19,  1, 110,    18, -1,  88
736051,20150329,    13, -1, 119,     2,  1, 106
736051,20150329,    16,  1, 109,     9, -1, 102
736051,20150329,    11, -1,  99,    30,  1,  91
736051,20150329,    12,  1, 104,     7, -1,  99
736051,20150329,    27,  1, 103,    15, -1,  89
736051,20150329,    21, -1, 109,    24,  1,  97
736052,20150330,     2, -1, 116,     4,  1, 104
736052,20150330,    14, -1, 113,    23,  1, 111
736052,20150330,     1,  1, 101,    17, -1,  88
736052,20150330,    28,  1,  99,    11, -1,  96
736052,20150330,    15,  1,  97,    26, -1,  83
736052,20150330,    29, -1, 104,    18,  1,  84
736052,20150330,    25,  1, 109,    24, -1,  86
736053,20150331,     3,  1, 111,    12, -1, 106
736053,20150331,     9,  1, 105,     1, -1,  95
736053,20150331,    27, -1,  95,    16,  1,  81
736053,20150331,    10, -1, 110,    13,  1, 106
736054,20150401,     4,  1, 102,     9, -1,  78
736054,20150401,    27, -1, 103,    22,  1,  91
736054,20150401,    30,  1, 106,    23, -1,  93
736054,20150401,     2,  1, 100,    12, -1,  87
736054,20150401,     3, -1, 100,    20,  1,  98
736054,20150401,    11,  1, 115,    26, -1, 111
736054,20150401,    17,  1,  95,     5, -1,  91
736054,20150401,    28, -1, 113,    18,  1,  99
736054,20150401,     7, -1, 135,    21,  1, 131
736054,20150401,    29,  1,  98,     8, -1,  84
736054,20150401,    13, -1, 126,    25,  1, 122
736054,20150401,    19, -1, 113,    14,  1,  92
736055,20150402,     6,  1, 114,    16, -1,  88
736055,20150402,    11, -1, 108,     7,  1, 101
736055,20150402,    10,  1, 107,    24, -1, 106
736056,20150403,    12,  1,  93,     4, -1,  74
736056,20150403,    30,  1, 101,    20, -1,  87
736056,20150403,    17, -1, 110,     2,  1, 101
736056,20150403,     3,  1, 114,    28, -1, 109
736056,20150403,     5,  1,  88,     9, -1,  82
736056,20150403,    15,  1, 100,    21, -1,  92
736056,20150403,    22, -1,  97,    18,  1,  84
736056,20150403,    27,  1, 123,     8, -1,  93
736056,20150403,    19, -1, 101,    26,  1,  95
736056,20150403,    25, -1, 107,    14,  1,  77
736057,20150404,     4,  1,  92,    23, -1,  91
736057,20150404,     1,  1, 131,     3, -1,  99
736057,20150404,     9,  1,  99,    16, -1,  98
736057,20150404,     2, -1, 117,    28,  1, 116
736057,20150404,    30, -1,  92,    15,  1,  83
736057,20150404,    10, -1, 123,     7,  1, 110
736057,20150404,    22, -1,  97,    17,  1,  90
736057,20150404,    13, -1, 107,     8,  1,  92
736057,20150404,    24,  1,  87,    29, -1,  85
736057,20150404,    25,  1,  99,    19, -1,  90
736058,20150405,    11, -1, 115,    21,  1, 112
736058,20150405,     6,  1,  99,     5, -1,  94
736058,20150405,    12,  1, 112,    16, -1,  89
736058,20150405,    27,  1, 107,    10, -1,  92
736058,20150405,    20,  1, 101,    23, -1,  91
736058,20150405,    29, -1, 101,    26,  1,  95
736058,20150405,    13, -1, 106,    14,  1,  78
736059,20150406,     3,  1, 106,    25, -1,  96
736060,20150407,     1,  1,  96,    24, -1,  69
736060,20150407,    16,  1, 105,     4, -1, 100
736060,20150407,    19,  1, 103,    10, -1, 100
736060,20150407,    27, -1, 113,    21,  1,  88
736060,20150407,    26,  1, 116,    18, -1, 111
736060,20150407,    13,  1, 105,    14, -1, 100
736061,20150408,    28, -1,  92,     4,  1,  74
736061,20150408,    22,  1, 105,     5, -1, 103
736061,20150408,    30, -1, 119,    23,  1,  90
736061,20150408,     1, -1, 114,     3,  1, 111
736061,20150408,     2, -1, 113,     9,  1, 103
736061,20150408,    12, -1, 102,    20,  1,  86
736061,20150408,    15,  1, 110,    19, -1,  74
736061,20150408,     6, -1, 104,    17,  1,  99
736061,20150408,    27,  1, 110,    11, -1,  98
736061,20150408,     8,  1, 119,    14, -1, 101
736061,20150408,    29,  1, 103,    26, -1,  91
736061,20150408,     7,  1, 107,    24, -1, 104
736061,20150408,    25,  1, 116,    18, -1,  91
736062,20150409,     5, -1,  89,    16,  1,  78
736062,20150409,    10,  1, 116,    25, -1, 105
736063,20150410,    28, -1, 101,    22,  1,  99
736063,20150410,     1,  1, 104,     4, -1,  80
736063,20150410,     3,  1, 117,    30, -1,  80
736063,20150410,     2, -1,  99,     6,  1,  90
736063,20150410,    12, -1, 107,     9,  1, 103
736063,20150410,    17, -1,  99,    20,  1,  91
736063,20150410,    27, -1, 104,    11,  1, 103
736063,20150410,    19,  1,  90,    24, -1,  75
736063,20150410,    21,  1, 116,    26, -1, 103
736063,20150410,     7, -1, 144,     8,  1, 143
736063,20150410,    15, -1,  89,    29,  1,  88
736063,20150410,    14,  1, 106,    18, -1,  98
736064,20150411,    20, -1,  80,    22,  1,  79
736064,20150411,    28, -1, 107,    16,  1, 104
736064,20150411,     5,  1, 114,    23, -1, 107
736064,20150411,    13,  1,  94,    15, -1,  86
736064,20150411,    29, -1, 111,    25,  1, 105
736064,20150411,    10,  1, 110,    18, -1, 101
736065,20150412,     2,  1, 117,     6, -1,  78
736065,20150412,    17,  1,  96,     3, -1,  73
736065,20150412,     9,  1, 116,     4, -1,  77
736065,20150412,     8,  1, 122,    26, -1, 111
736065,20150412,    12,  1, 116,    21, -1, 104
736065,20150412,    30,  1, 108,     1, -1,  99
736065,20150412,    11,  1, 121,    19, -1, 114
736065,20150412,    27,  1, 107,    24, -1,  91
736065,20150412,     7, -1, 120,    14,  1, 106
736066,20150413,    11, -1, 100,     4,  1,  90
736066,20150413,     6,  1, 109,     9, -1,  97
736066,20150413,    17, -1, 107,    23,  1,  97
736066,20150413,    20, -1, 112,     1,  1, 108
736066,20150413,     5, -1, 113,     3,  1,  86
736066,20150413,    16,  1, 100,    22, -1,  93
736066,20150413,    19, -1, 100,    18,  1,  88
736066,20150413,    21,  1, 101,    25, -1,  90
736066,20150413,    29,  1, 109,     7, -1,  92
736066,20150413,    26,  1, 102,    14, -1,  92
736066,20150413,    10,  1, 111,    15, -1, 107
736066,20150413,    13,  1, 110,     8, -1, 103
736067,20150414,     2,  1,  95,    28, -1,  93
736067,20150414,    12,  1,  99,    30, -1,  95
736067,20150414,    13, -1, 112,    24,  1, 101
736068,20150415,     3,  1, 101,    22, -1,  88
736068,20150415,     5,  1,  91,     1, -1,  85
736068,20150415,     6,  1, 113,    30, -1, 108
736068,20150415,     7,  1, 114,    25, -1,  98
736068,20150415,    11,  1, 117,    29, -1,  91
736068,20150415,    15,  1,  95,    12, -1,  83
736068,20150415,     2, -1, 105,    17,  1, 100
736068,20150415,    21, -1, 138,    18,  1, 113
736068,20150415,    19,  1, 108,    27, -1, 103
736068,20150415,     9, -1, 112,    20,  1,  90
736068,20150415,    16, -1, 105,    23,  1, 101
736068,20150415,    28,  1,  92,     4, -1,  87
736068,20150415,    10,  1, 133,     8, -1, 126
736068,20150415,    26, -1, 122,    14,  1,  99
736071,20150418,    30, -1,  93,    28,  1,  86
736071,20150418,    10,  1, 106,    19, -1,  99
736071,20150418,     5,  1, 103,    17, -1,  91
736071,20150418,    11,  1, 118,     7, -1, 108
736072,20150419,     6,  1, 113,     2, -1, 100
736072,20150419,     1,  1,  99,     3, -1,  92
736072,20150419,    15,  1, 100,    25, -1,  86
736072,20150419,    13,  1, 107,    27, -1,  92
736073,20150420,     5,  1,  91,    17, -1,  82
736073,20150420,    10,  1,  97,    19, -1,  87
736074,20150421,     6,  1,  99,     2, -1,  91
736074,20150421,    30, -1, 117,    28,  1, 106
736074,20150421,    11,  1, 111,     7, -1,  99
736075,20150422,     1,  1,  96,     3, -1,  91
736075,20150422,    15,  1,  97,    25, -1,  82
736075,20150422,    27, -1, 111,    13,  1, 107
736076,20150423,     6, -1, 103,     2,  1,  95
736076,20150423,     5, -1, 113,    17,  1, 106
736076,20150423,    10, -1, 123,    19,  1, 119
736077,20150424,    11, -1, 130,     7,  1, 128
736077,20150424,    30,  1, 106,    28, -1,  99
736077,20150424,    27,  1, 100,    13, -1,  73
736078,20150425,     3,  1,  91,     1, -1,  83
736078,20150425,    17,  1,  92,     5, -1,  90
736078,20150425,    10, -1, 109,    19,  1,  98
736078,20150425,    15, -1, 115,    25,  1, 109
736079,20150426,     6, -1, 101,     2,  1,  93
736079,20150426,    13, -1, 114,    27,  1, 105
736079,20150426,    30,  1, 125,    28, -1,  94
736079,20150426,     7,  1, 121,    11, -1, 109
736080,20150427,     3,  1, 120,     1, -1, 115
736080,20150427,    25,  1,  99,    15, -1,  92
736080,20150427,    17, -1,  94,     5,  1,  88
736081,20150428,    11,  1, 103,     7, -1,  94
736081,20150428,    27, -1, 111,    13,  1, 107
736082,20150429,     1,  1, 107,     3, -1,  97
736082,20150429,    15,  1,  99,    25, -1,  93
736083,20150430,     5, -1, 120,    17,  1,  66
736083,20150430,    13, -1, 102,    27,  1,  96
736084,20150501,     1, -1, 111,     3,  1,  87
736085,20150502,    13,  1, 111,    27, -1, 109
736086,20150503,    30, -1, 104,     1,  1,  98
736086,20150503,    10,  1, 101,    15, -1,  86
736087,20150504,     5, -1,  99,     6,  1,  92
736087,20150504,    13, -1, 117,    11,  1, 101
736088,20150505,     1,  1, 106,    30, -1,  90
736088,20150505,    15, -1,  97,    10,  1,  90
736089,20150506,     6,  1, 106,     5, -1,  91
736089,20150506,    11,  1, 115,    13, -1, 109
736091,20150508,     5,  1,  99,     6, -1,  96
736091,20150508,    13,  1, 124,    11, -1,  99
736092,20150509,    30,  1, 103,     1, -1, 101
736092,20150509,    15,  1,  99,    10, -1,  89
736093,20150510,     6, -1,  86,     5,  1,  84
736093,20150510,    13,  1, 128,    11, -1,  95
736094,20150511,     1, -1, 106,    30,  1, 101
736094,20150511,    10, -1, 101,    15,  1,  84
736095,20150512,     6,  1, 106,     5, -1, 101
736095,20150512,    11,  1, 124,    13, -1, 103
736096,20150513,     1,  1,  82,    30, -1,  81
736096,20150513,    10,  1,  98,    15, -1,  78
736097,20150514,     6, -1,  94,     5,  1,  73
736097,20150514,    11, -1, 119,    13,  1, 107
736098,20150515,     1, -1,  94,    30,  1,  91
736098,20150515,    10, -1, 108,    15,  1,  95
736100,20150517,    11,  1, 113,    13, -1, 100
736102,20150519,    10,  1, 110,    11, -1, 106
736103,20150520,     6, -1,  97,     1,  1,  89
736104,20150521,    10,  1,  99,    11, -1,  98
736105,20150522,     6, -1,  94,     1,  1,  82
736106,20150523,    10, -1, 115,    11,  1,  80
736107,20150524,     6,  1, 114,     1, -1, 111
736108,20150525,    11,  1, 128,    10, -1, 115
736109,20150526,     6,  1, 118,     1, -1,  88
736110,20150527,    10,  1, 104,    11, -1,  90
736118,20150604,    10,  1, 108,     6, -1, 100
736121,20150607,     6, -1,  95,    10,  1,  93
736123,20150609,     6,  1,  96,    10, -1,  91
736125,20150611,    10, -1, 103,     6,  1,  82
736128,20150614,    10,  1, 104,     6, -1,  91
736130,20150616,    10, -1, 105,     6,  1,  97