735535,20131029,    12,  1,  97,    22, -1,  87
735535,20131029,    16,  1, 107,     5, -1,  95
735535,20131029,    14,  1, 116,    13, -1, 103
735536,20131030,     6,  1,  98,     3, -1,  94
735536,20131030,    23,  1, 114,    16, -1, 110
735536,20131030,    28,  1,  93,     2, -1,  87
735536,20131030,     9,  1, 113,    30, -1, 102
735536,20131030,    20,  1,  90,    17, -1,  83
735536,20131030,    11,  1,  96,     4, -1,  83
735536,20131030,    18,  1, 120,    22, -1, 115
735536,20131030,    12, -1,  95,    19,  1,  90
735536,20131030,     7,  1, 118,     1, -1, 109
735536,20131030,    27,  1, 101,    15, -1,  94
735536,20131030,    21, -1, 101,    29,  1,  98
735536,20131030,    24,  1, 104,    25, -1,  91
735536,20131030,    26,  1,  90,     8, -1,  88
735536,20131030,    10,  1, 125,    14, -1,  94
735537,20131031,     5,  1,  82,    20, -1,  81
735537,20131031,    13,  1, 126,    10, -1, 115
735538,20131101,     4,  1,  90,     6, -1,  84
735538,20131101,    22,  1, 110,    19, -1,  90
735538,20131101,    23, -1, 109,    30,  1, 102
735538,20131101,     1,  1, 102,    28, -1,  95
735538,20131101,    17, -1, 105,     2,  1,  98
735538,20131101,     3,  1, 101,    16, -1, 100
735538,20131101,    11,  1, 113,     7, -1, 105
735538,20131101,    15,  1, 111,     9, -1, 108
735538,20131101,    18,  1, 100,    21, -1,  81
735538,20131101,    25, -1, 113,     8,  1,  98
735538,20131101,    24,  1,  87,    29, -1,  84
735538,20131101,    13, -1, 110,    26,  1, 101
735538,20131101,    27, -1,  91,    14,  1,  85
735539,20131102,    12,  1,  89,     6, -1,  74
735539,20131102,    23,  1, 107,     5, -1, 104
735539,20131102,    19,  1, 105,     4, -1,  84
735539,20131102,     7,  1, 111,    15, -1,  99
735539,20131102,    28, -1,  97,    17,  1,  90
735539,20131102,    11, -1, 104,    29,  1,  93
735539,20131102,    25,  1, 115,    27, -1, 105
735539,20131102,    10,  1,  98,    26, -1,  87
735540,20131103,     9,  1,  87,     2, -1,  77
735540,20131103,    16,  1, 103,    30, -1,  93
735540,20131103,    22,  1, 107,     3, -1,  86
735540,20131103,    21,  1, 103,    24, -1,  96
735540,20131103,    18, -1, 109,    20,  1, 100
735540,20131103,    14,  1, 105,     1, -1, 103
735541,20131104,     6,  1,  93,    18, -1,  92
735541,20131104,    10, -1, 110,    23,  1,  90
735541,20131104,    15,  1,  95,     2, -1,  88
735541,20131104,    13,  1, 137,    11, -1, 118
735542,20131105,    16, -1, 104,    28,  1,  95
735542,20131105,     3,  1, 104,    29, -1,  88
735542,20131105,    12, -1,  99,     9,  1,  91
735542,20131105,     4, -1, 102,    20,  1,  97
735542,20131105,    24, -1, 104,    19,  1,  98
735542,20131105,     7,  1, 123,    14, -1, 104
735542,20131105,    27, -1, 102,     8,  1,  94
735542,20131105,    11, -1, 116,    25,  1, 101
735542,20131105,     1, -1, 105,    26,  1, 100
735543,20131106,     4,  1,  92,    28, -1,  90
735543,20131106,    12,  1,  97,     5, -1,  80
735543,20131106,    22,  1,  98,    13, -1,  90
735543,20131106,    30, -1, 116,    23,  1, 102
735543,20131106,     2,  1,  97,    29, -1,  87
735543,20131106,    19, -1,  99,    15,  1,  84
735543,20131106,    17,  1, 109,     6, -1, 104
735543,20131106,    10, -1, 106,    18,  1,  93
735543,20131106,    27,  1,  99,    24, -1,  96
735543,20131106,    21,  1, 107,     7, -1,  93
735544,20131107,    16,  1, 102,    13, -1,  97
735544,20131107,     8,  1, 109,     1, -1, 107
735544,20131107,    14, -1,  99,    11,  1,  98
735545,20131108,    20, -1, 101,     4,  1,  91
735545,20131108,    12,  1,  91,    28, -1,  84
735545,20131108,     2, -1,  91,    22,  1,  89
735545,20131108,    23,  1,  94,     6, -1,  79
735545,20131108,    30,  1, 112,     3, -1, 108
735545,20131108,    21, -1, 119,     9,  1, 110
735545,20131108,     5,  1,  97,    29, -1,  73
735545,20131108,    18,  1, 116,     7, -1, 108
735545,20131108,    19,  1,  96,    14, -1,  85
735545,20131108,    27,  1,  76,    10, -1,  74
735545,20131108,    24,  1, 114,     8, -1, 103
735545,20131108,    25,  1, 104,    26, -1,  91
735546,20131109,    28,  1, 115,    29, -1,  91
735546,20131109,     1,  1, 104,    22, -1,  94
735546,20131109,    12, -1,  96,     3,  1,  91
735546,20131109,     6,  1, 127,    23, -1, 125
735546,20131109,     2, -1, 111,    16,  1, 110
735546,20131109,    13, -1, 107,    11,  1,  94
735546,20131109,    15,  1, 108,    10, -1,  90
735546,20131109,     7, -1,  91,    17,  1,  83
735546,20131109,    25, -1,  96,    26,  1,  85
735547,20131110,    27, -1, 120,    20,  1,  89
735547,20131110,    21,  1, 106,    30, -1, 105
735547,20131110,    24,  1, 101,    19, -1,  94
735547,20131110,    18, -1, 113,    14,  1,  90
735548,20131111,     1, -1, 103,     4,  1,  94
735548,20131111,    12,  1,  95,    15, -1,  79
735548,20131111,    27, -1, 109,    23,  1,  85
735548,20131111,     2,  1, 120,    22, -1, 105
735548,20131111,     5,  1,  96,     6, -1,  81
735548,20131111,    11,  1, 110,    28, -1, 104
735548,20131111,     8, -1, 100,    29,  1,  81
735548,20131111,    25,  1, 109,     9, -1, 103
735548,20131111,    13,  1, 109,    18, -1, 107
735549,20131112,    16,  1, 118,    17, -1,  95
735549,20131112,     7,  1, 105,    30, -1,  95
735549,20131112,    10,  1, 113,     9, -1,  95
735549,20131112,    14,  1, 116,    19, -1,  95
735550,20131113,    22,  1,  94,    17, -1,  91
735550,20131113,    23,  1, 123,    11, -1, 117
735550,20131113,     4, -1,  89,     2,  1,  83
735550,20131113,    20, -1,  95,     1,  1,  91
735550,20131113,    28, -1, 103,    15,  1,  87
735550,20131113,    18,  1, 124,     6, -1,  95
735550,20131113,    27,  1,  92,    30, -1,  79
735550,20131113,     8,  1, 111,    14, -1,  99
735550,20131113,    29,  1, 111,    19, -1, 105
735550,20131113,    25,  1,  90,    24, -1,  89
735550,20131113,    26,  1, 107,     3, -1,  86
735550,20131113,    13,  1, 111,    21, -1, 103
735551,20131114,    11, -1, 109,    20,  1, 106
735551,20131114,    10,  1, 116,    21, -1, 115
735552,20131115,    12,  1, 104,    17, -1,  77
735552,20131115,     5, -1,  96,    28,  1,  80
735552,20131115,     1,  1, 113,    23, -1, 103
735552,20131115,    25, -1, 109,     2,  1,  96
735552,20131115,     4, -1,  86,     6,  1,  80
735552,20131115,    16,  1, 110,     7, -1, 104
735552,20131115,     8,  1, 117,    18, -1, 113
735552,20131115,     3, -1, 100,    24,  1,  98
735552,20131115,    27, -1,  91,    29,  1,  82
735552,20131115,    15, -1,  89,    14,  1,  86
735552,20131115,     9, -1,  97,    26,  1,  90
735553,20131116,    16, -1,  97,     4,  1,  81
735553,20131116,     7, -1, 108,    22,  1, 100
735553,20131116,     6, -1, 103,    30,  1,  96
735553,20131116,     1, -1, 110,    20,  1,  90
735553,20131116,     5,  1, 110,    12, -1,  94
735553,20131116,    11,  1, 122,     8, -1, 111
735553,20131116,    18,  1, 106,     2, -1,  88
735553,20131116,    19,  1, 135,    23, -1,  98
735553,20131116,    21, -1,  92,    17,  1,  79
735553,20131116,    10,  1, 102,    29, -1,  88
735553,20131116,    13,  1, 110,     3, -1, 103
735554,20131117,    25, -1, 118,    28,  1, 110
735554,20131117,    15, -1,  97,    26,  1,  86
735554,20131117,    14,  1, 114,     9, -1,  99
735555,20131118,    25, -1, 108,     3,  1,  98
735555,20131118,     5,  1,  86,     4, -1,  81
735555,20131118,    21,  1, 115,     8, -1, 113
735555,20131118,     7,  1,  97,    23, -1,  94
735555,20131118,    10, -1,  98,    29,  1,  87
735555,20131118,    15, -1, 106,    13,  1, 102
735556,20131119,    30,  1, 104,    18, -1, 100
735556,20131119,     9,  1,  92,    20, -1,  86
735556,20131119,    16,  1, 104,     1, -1,  88
735556,20131119,    11,  1, 109,     2, -1,  85
735556,20131119,    26,  1, 107,    24, -1, 104
735557,20131120,     4,  1,  95,     3, -1,  91
735557,20131120,    30, -1,  98,     6,  1,  91
735557,20131120,    12, -1, 103,    20,  1,  96
735557,20131120,    16, -1, 120,    22,  1,  92
735557,20131120,    28, -1, 108,    23,  1,  98
735557,20131120,     1,  1,  93,     9, -1,  85
735557,20131120,    25, -1,  91,    17,  1,  82
735557,20131120,    13, -1, 102,    18,  1,  98
735557,20131120,    19,  1, 105,    29, -1,  98
735557,20131120,    27,  1, 104,     2, -1,  93
735557,20131120,    26, -1, 113,    24,  1, 106
735557,20131120,     7,  1, 123,    11, -1, 120
735557,20131120,    15, -1,  88,    10,  1,  81
735558,20131121,    21,  1, 105,    13, -1,  91
735558,20131121,     8,  1,  97,     5, -1,  87
735559,20131122,    24, -1,  98,     4,  1,  91
735559,20131122,    23,  1, 115,    17, -1, 107
735559,20131122,    28,  1,  96,    30, -1,  88
735559,20131122,    12, -1,  97,     2,  1,  82
735559,20131122,     1, -1,  96,     9,  1,  89
735559,20131122,    27, -1, 102,    15,  1,  86
735559,20131122,    18,  1, 111,     3, -1,  81
735559,20131122,    19,  1, 104,     6, -1, 100
735559,20131122,     7,  1, 103,    29, -1,  93
735559,20131122,    25,  1,  98,     5, -1,  95
735559,20131122,    14,  1, 102,    10, -1,  95
735560,20131123,    13,  1, 103,    26, -1, 102
735560,20131123,    12,  1, 106,    23, -1,  98
735560,20131123,    30,  1,  98,    20, -1,  89
735560,20131123,     2, -1,  94,     1,  1,  87
735560,20131123,    16,  1, 101,    22, -1,  99
735560,20131123,    11,  1, 112,    18, -1, 101
735560,20131123,     4, -1,  96,    17,  1,  72
735560,20131123,    27,  1, 126,     6, -1,  96
735560,20131123,     8,  1, 102,     7, -1, 100
735560,20131123,    25, -1, 113,    10,  1, 101
735561,20131124,     9, -1, 109,     3,  1,  97
735561,20131124,    13,  1, 121,     5, -1,  82
735561,20131124,    24, -1, 104,    22,  1,  96
735561,20131124,    21,  1,  95,    29, -1,  73
735561,20131124,    14,  1, 100,    26, -1,  86
735562,20131125,     2, -1,  96,     4,  1,  86
735562,20131125,    12,  1,  98,    18, -1,  84
735562,20131125,     9,  1, 113,    17, -1,  94
735562,20131125,    16,  1, 107,    24, -1,  92
735562,20131125,    11, -1,  93,    15,  1,  86
735562,20131125,     8, -1, 110,     7,  1,  96
735562,20131125,    27,  1, 112,    19, -1,  93
735562,20131125,    29,  1,  89,     5, -1,  83
735562,20131125,    25,  1, 102,    20, -1,  91
735563,20131126,     3, -1, 102,    28,  1, 100
735563,20131126,    30,  1, 116,    14, -1, 111
735563,20131126,    22, -1, 109,     1,  1,  92
735563,20131126,    10, -1, 102,    19,  1, 101
735564,20131127,    12, -1,  99,     4,  1,  74
735564,20131127,    22,  1, 105,    23, -1,  94
735564,20131127,    15, -1, 100,     2,  1,  93
735564,20131127,    14, -1,  99,     3,  1,  94
735564,20131127,    16, -1,  95,     6,  1,  84
735564,20131127,     5, -1,  99,     9,  1,  79
735564,20131127,    11,  1, 113,     1, -1,  84
735564,20131127,    30, -1, 100,    17,  1,  92
735564,20131127,     8, -1, 117,    18,  1, 110
735564,20131127,    21,  1,  94,    27, -1,  88
735564,20131127,     7,  1, 103,    10, -1,  99
735564,20131127,    24,  1, 120,    25, -1, 106
735564,20131127,    13,  1,  93,    20, -1,  80
735566,20131129,     4,  1,  92,    17, -1,  76
735566,20131129,    27, -1, 109,    22,  1,  91
735566,20131129,    16, -1,  90,    28,  1,  83
735566,20131129,     1,  1,  88,     7, -1,  87
735566,20131129,     2,  1, 103,     6, -1,  86
735566,20131129,    14, -1, 106,     9,  1, 102
735566,20131129,    11,  1, 114,     3, -1,  95
735566,20131129,    12,  1,  93,    30, -1,  73
735566,20131129,    21,  1, 113,    10, -1, 112
735566,20131129,    19, -1, 121,    23,  1, 105
735566,20131129,     8,  1,  97,    20, -1,  95
735566,20131129,    24, -1, 112,    29,  1, 101
735566,20131129,    13, -1, 104,    26,  1,  98
735567,20131130,    30,  1, 108,     1, -1, 101
735567,20131130,     6,  1,  97,     5, -1,  93
735567,20131130,     3, -1,  97,    15,  1,  88
735567,20131130,    18, -1, 112,     7,  1, 106
735567,20131130,    11, -1, 112,    27,  1, 106
735567,20131130,    17,  1,  92,     2, -1,  85
735567,20131130,    29, -1, 112,    24,  1, 104
735568,20131201,     8, -1, 112,    28,  1,  98
735568,20131201,     9,  1, 115,    23, -1, 100
735568,20131201,    12, -1, 105,    13,  1, 100
735568,20131201,    16,  1,  99,     4, -1,  98
735568,20131201,    10, -1, 115,    26,  1, 113
735568,20131201,    21,  1, 113,    18, -1, 103
735568,20131201,    19, -1, 103,    20,  1,  99
735568,20131201,    25, -1, 114,    14,  1, 108
735569,20131202,    30,  1,  98,    22, -1,  80
735569,20131202,    19, -1, 131,     5,  1, 128
735569,20131202,    27,  1, 102,     1, -1, 100
735569,20131202,    29,  1, 109,    11, -1, 103
735569,20131202,    25,  1, 106,    12, -1, 102
735570,20131203,    23,  1, 126,    22, -1, 125
735570,20131203,     2,  1, 108,    17, -1, 100
735570,20131203,     8, -1, 111,     3,  1,  87
735570,20131203,     9, -1, 107,    16,  1,  97
735570,20131203,    15,  1, 110,    24, -1,  91
735570,20131203,     7,  1,  89,     4, -1,  82
735570,20131203,    21, -1,  97,    26,  1,  95
735570,20131203,    10,  1, 112,    28, -1, 103
735571,20131204,     6,  1,  98,     8, -1,  88
735571,20131204,     1,  1, 107,    13, -1,  97
735571,20131204,    24, -1,  97,    11,  1,  88
735571,20131204,     9, -1, 105,    17,  1,  98
735571,20131204,     7, -1, 100,    19,  1,  97
735571,20131204,    12, -1,  95,    29,  1,  86
735571,20131204,    25,  1, 111,    21, -1, 104
735572,20131205,    20, -1, 113,     3,  1,  83
735572,20131205,    13, -1, 101,    15,  1,  81
735572,20131205,     5,  1, 107,    16, -1,  87
735573,20131206,     4,  1, 105,    23, -1,  88
735573,20131206,    17, -1, 109,    30,  1, 105
735573,20131206,     1,  1, 108,     6, -1,  89
735573,20131206,     2,  1, 106,     8, -1,  98
735573,20131206,    20,  1, 121,    22, -1,  83
735573,20131206,    11,  1, 105,    10, -1,  83
735573,20131206,    21, -1, 109,    19,  1,  95
735573,20131206,    24,  1, 106,    28, -1,  97
735573,20131206,    25,  1, 130,    29, -1,  98
735573,20131206,    14, -1, 106,    26,  1, 100
735574,20131207,     8, -1, 103,    23,  1,  92
735574,20131207,     6,  1,  88,    13, -1,  82
735574,20131207,     9, -1,  92,     5,  1,  75
735574,20131207,    10, -1, 108,    15,  1,  82
735574,20131207,    16, -1, 103,    18,  1,  82
735574,20131207,     3, -1,  90,    17,  1,  82
735574,20131207,    12, -1, 111,    27,  1, 100
735574,20131207,    26, -1, 112,    29,  1, 102
735574,20131207,     7, -1, 108,    25,  1, 106
735575,20131208,     2, -1, 114,    20,  1,  73
735575,20131208,    16, -1, 110,     9,  1,  95
735575,20131208,    11,  1,  98,    22, -1,  88
735575,20131208,    21,  1, 118,    12, -1,  94
735575,20131208,    28, -1, 106,    14,  1,  94
735576,20131209,     4,  1, 115,    10, -1, 111
735576,20131209,    13, -1,  94,    23,  1,  83
735576,20131209,     8, -1,  75,    30,  1,  74
735576,20131209,    15,  1,  94,    22, -1,  85
735576,20131209,    25, -1, 105,    29,  1,  94
735576,20131209,    26,  1, 112,     7, -1,  97
735577,20131210,     6,  1, 109,    20, -1,  94
735577,20131210,    12,  1,  90,    16, -1,  84
735577,20131210,    27, -1, 116,    28,  1, 103
735577,20131210,    21, -1, 101,     1,  1,  92
735577,20131210,     3,  1, 104,     2, -1,  96
735577,20131210,    18, -1, 121,     9,  1,  94
735577,20131210,    17, -1,  78,     5,  1,  74
735577,20131210,    24, -1, 114,    14,  1, 108
735578,20131211,    22, -1,  92,     4,  1,  83
735578,20131211,    13, -1,  96,     2,  1,  88
735578,20131211,    21, -1, 116,    15,  1, 100
735578,20131211,    27, -1, 109,    17,  1,  77
735578,20131211,    18,  1, 106,    23, -1,  99
735578,20131211,    19,  1, 111,     9, -1, 106
735578,20131211,    20,  1,  83,     5, -1,  78
735578,20131211,    29, -1, 122,    26,  1, 101
735578,20131211,    10,  1,  95,     7, -1,  93
735579,20131212,     3,  1, 102,    13, -1,  93
735579,20131212,    25,  1, 111,    11, -1, 104
735580,20131213,    12,  1,  99,     4, -1,  94
735580,20131213,     6, -1, 109,    22,  1, 100
735580,20131213,    28,  1, 108,    23, -1, 100
735580,20131213,     1,  1, 101,    30, -1,  99
735580,20131213,     2,  1,  90,    20, -1,  86
735580,20131213,     9,  1, 103,     3, -1,  99
735580,20131213,    19,  1, 104,    15, -1,  98
735580,20131213,    21,  1, 122,    14, -1,  97
735580,20131213,     5, -1,  91,    17,  1,  90
735580,20131213,    27,  1, 117,    18, -1, 110
735580,20131213,    29, -1, 103,     8,  1,  93
735580,20131213,    24,  1, 116,    26, -1, 107
735580,20131213,    11, -1, 116,    10,  1, 112
735581,20131214,    14, -1,  88,     4,  1,  85
735581,20131214,    13, -1, 113,    30,  1,  97
735581,20131214,    16,  1, 114,     6, -1, 107
735581,20131214,    20,  1, 111,     1, -1, 106
735581,20131214,    28, -1,  99,     5,  1,  77
735581,20131214,    25, -1, 139,    23,  1, 105
735581,20131214,     7,  1, 106,    17, -1,  93
735581,20131214,    27, -1, 100,    29,  1,  84
735582,20131215,    25, -1, 111,     9,  1, 109
735582,20131215,    18, -1, 101,    15,  1,  93
735582,20131215,    26,  1, 106,    11, -1,  91
735582,20131215,    21,  1, 101,    22, -1,  98
735582,20131215,     8,  1, 102,    19, -1,  93
735582,20131215,    24,  1, 106,    10, -1, 102
735583,20131216,     9, -1, 101,    12,  1,  96
735583,20131216,     1,  1, 114,    14, -1, 100
735583,20131216,     2,  1, 101,    18, -1,  97
735583,20131216,     3,  1, 130,    23, -1,  94
735583,20131216,    16,  1, 117,    29, -1,  94
735583,20131216,    30, -1, 102,    20,  1, 101
735583,20131216,    22, -1,  83,     5,  1,  82
735583,20131216,    13,  1, 115,    27, -1,  92
735584,20131217,     4,  1,  95,    26, -1,  87
735584,20131217,    25, -1, 119,     6,  1, 116
735584,20131217,    14, -1,  96,    15,  1,  92
735584,20131217,    21, -1, 105,     8,  1,  93
735584,20131217,    10,  1, 104,    19, -1,  93
735585,20131218,    16,  1,  97,    12, -1,  94
735585,20131218,    29, -1,  86,    22,  1,  82
735585,20131218,     4, -1, 104,    28,  1, 102
735585,20131218,     1,  1, 124,    26, -1, 107
735585,20131218,     9, -1, 107,     2,  1, 106
735585,20131218,    30, -1, 113,     3,  1, 107
735585,20131218,    20, -1, 107,    17,  1, 101
735585,20131218,    18,  1, 120,    25, -1, 109
735585,20131218,     7,  1, 105,    15, -1,  91
735585,20131218,    27, -1, 108,    24,  1, 101
735585,20131218,    11,  1, 109,     5, -1,  94
735585,20131218,    13,  1, 108,    19, -1,  95
735586,20131219,    21,  1, 107,     5, -1,  95
735586,20131219,    27, -1, 104,    10,  1, 102
735587,20131220,    23,  1, 121,     3, -1, 120
735587,20131220,     1,  1, 118,    29, -1,  85
735587,20131220,     6,  1, 114,    17, -1, 111
735587,20131220,     4, -1, 116,     9,  1, 106
735587,20131220,    16,  1, 122,    26, -1, 103
735587,20131220,    12,  1, 114,    11, -1,  81
735587,20131220,    28, -1, 109,     7,  1, 108
735587,20131220,    24, -1, 103,     8,  1,  99
735587,20131220,    14,  1, 104,    18, -1,  91
735588,20131221,    15, -1,  95,    20,  1,  87
735588,20131221,    30, -1, 106,     2,  1,  99
735588,20131221,    29, -1,  88,     4,  1,  85
735588,20131221,    26, -1, 105,    22,  1, 100
735588,20131221,    11, -1, 114,     9,  1,  97
735588,20131221,     5,  1, 100,     6, -1,  84
735588,20131221,    17,  1, 116,    23, -1, 106
735588,20131221,    21, -1, 113,    27,  1, 100
735588,20131221,    24,  1, 123,     7, -1, 108
735588,20131221,    25,  1, 110,    19, -1, 107
735588,20131221,    10,  1, 102,    14, -1,  83
735588,20131221,    13,  1, 112,     8, -1,  91
735589,20131222,    12,  1, 106,     2, -1,  79
735589,20131222,    28, -1, 104,    21,  1,  98
735589,20131222,    13,  1, 120,    18, -1, 116
735590,20131223,     4,  1, 111,    17, -1, 110
735590,20131223,     9, -1, 115,     6,  1,  92
735590,20131223,    20, -1, 103,    22,  1,  98
735590,20131223,    12, -1, 103,     3,  1,  86
735590,20131223,    16,  1, 121,     1, -1, 119
735590,20131223,     7, -1, 111,    11,  1, 104
735590,20131223,    15,  1, 104,    29, -1,  94
735590,20131223,    27,  1, 112,    28, -1,  99
735590,20131223,    10, -1,  89,     8,  1,  81
735590,20131223,    24,  1, 117,    14, -1,  90
735590,20131223,    19, -1, 113,    26,  1, 100
735592,20131225,     5, -1,  95,     3,  1,  78
735592,20131225,    21, -1, 123,    20,  1,  94
735592,20131225,    16, -1, 101,    14,  1,  95
735592,20131225,    11, -1, 111,    27,  1,  98
735592,20131225,    10,  1, 105,    13, -1, 103
735593,20131226,     1, -1, 127,     6,  1, 125
735593,20131226,    11,  1, 100,    15, -1,  92
735593,20131226,    27, -1, 116,     7,  1, 107
735593,20131226,    25,  1, 116,    13, -1, 112
735594,20131227,    21, -1,  89,     4,  1,  85
735594,20131227,    22,  1, 109,     9, -1,  92
735594,20131227,     3,  1, 104,    17, -1,  93
735594,20131227,    28, -1,  95,    20,  1,  83
735594,20131227,    18,  1, 120,    30, -1,  98
735594,20131227,    19,  1, 105,     8, -1,  89
735594,20131227,    29,  1, 105,    14, -1, 103
735594,20131227,    26,  1, 108,    16, -1, 103
735594,20131227,    10,  1, 115,    24, -1,  86
735595,20131228,     2,  1, 103,     6, -1, 100
735595,20131228,    12,  1, 105,     3, -1,  91
735595,20131228,    28,  1, 115,    20, -1, 100
735595,20131228,    30,  1, 106,     9, -1,  82
735595,20131228,     1,  1, 118,     4, -1, 116
735595,20131228,     7, -1, 105,     5,  1,  83
735595,20131228,    11,  1, 107,    19, -1,  98
735595,20131228,    15,  1, 120,     8, -1,  99
735595,20131228,    18, -1, 117,    17,  1,  95
735595,20131228,    24,  1, 115,    23, -1, 101
735595,20131228,    16, -1, 108,    25,  1, 107
735595,20131228,    13,  1,  98,    29, -1,  90
735596,20131229,    10, -1, 108,     6,  1, 104
735596,20131229,    22,  1, 109,     1, -1, 102
735596,20131229,    21,  1, 117,    11, -1,  86
735596,20131229,    27,  1, 112,    26, -1, 104
735596,20131229,    23, -1, 111,    14,  1, 104
735597,20131230,    30, -1, 106,     9,  1,  99
735597,20131230,     5, -1,  95,    15,  1,  91
735597,20131230,     7, -1, 100,    18,  1,  98
735597,20131230,    19,  1, 110,    25, -1, 108
735597,20131230,    16, -1,  97,     8,  1,  94
735597,20131230,    29,  1,  83,     4, -1,  80
735597,20131230,    24, -1, 107,    13,  1,  88
735598,20131231,     1, -1,  92,     2,  1,  91
735598,20131231,    12,  1,  91,     6, -1,  76
735598,20131231,    10, -1,  94,    22,  1,  81
735598,20131231,    28, -1,  85,     5,  1,  79
735598,20131231,    26, -1, 110,    11,  1, 106
735598,20131231,    27,  1, 113,     3, -1,  92
735598,20131231,    25, -1,  98,    21,  1,  94
735598,20131231,    17, -1,  94,    14,  1,  79
735599,20140101,     7, -1,  87,    30,  1,  78
735599,20140101,    28,  1,  95,    12, -1,  82
735599,20140101,    18,  1, 124,    19, -1, 112
735599,20140101,    23, -1, 114,     8,  1, 102
735599,20140101,    13,  1, 112,     4, -1,  85
735600,20140102,     6,  1,  87,    22, -1,  81
735600,20140102,    10, -1, 123,    16,  1, 114
735600,20140102,     5,  1,  94,     2, -1,  82
735600,20140102,     3, -1,  95,    21,  1,  93
735600,20140102,    20, -1, 105,    27,  1, 101
735600,20140102,    15, -1,  99,    24,  1,  91
735600,20140102,    29,  1,  96,    17, -1,  87
735600,20140102,    25,  1, 134,     4, -1, 104
735600,20140102,    23, -1, 113,    26,  1, 104
735601,20140103,    28, -1, 101,    30,  1,  88
735601,20140103,    10, -1, 101,     1,  1, 100
735601,20140103,    19, -1,  95,     2,  1,  92
735601,20140103,    11,  1, 102,    20, -1, 100
735601,20140103,    13, -1, 119,     7,  1, 112
735601,20140103,     8,  1, 111,    15, -1, 108
735601,20140103,    14,  1, 110,    29, -1,  99
735602,20140104,    12,  1,  99,    19, -1,  82
735602,20140104,    16, -1, 110,    22,  1,  94
735602,20140104,     3,  1,  89,     6, -1,  82
735602,20140104,     5,  1,  91,     1, -1,  84
735602,20140104,    21, -1, 115,    18,  1, 111
735602,20140104,    27,  1, 116,    13, -1,  92
735602,20140104,    24,  1, 116,    17, -1, 100
735602,20140104,    23, -1, 101,    25,  1,  99
735602,20140104,     4, -1, 113,    26,  1, 103
735603,20140105,    15, -1, 112,     9,  1,  84
735603,20140105,    12, -1,  82,     6,  1,  78
735603,20140105,    16,  1, 102,    28, -1,  97
735603,20140105,    10, -1, 112,    30,  1,  96
735603,20140105,    21,  1, 119,     2, -1,  96
735603,20140105,    20, -1,  92,     7,  1,  80
735603,20140105,     8, -1, 137,    14,  1, 115
735604,20140106,    18, -1, 126,    23,  1,  95
735604,20140106,     3,  1,  91,     1, -1,  86
735604,20140106,    13,  1, 101,    22, -1,  81
735605,20140107,    30, -1,  97,     4,  1,  83
735605,20140107,     6,  1, 111,    23, -1,  93
735605,20140107,    12,  1,  86,    28, -1,  79
735605,20140107,    16,  1, 107,    19, -1,  88
735605,20140107,    20,  1,  89,     9, -1,  85
735605,20140107,     5,  1,  92,    24, -1,  87
735605,20140107,    27, -1, 110,    15,  1, 108
735605,20140107,    10, -1, 101,    17,  1,  80
735605,20140107,     7,  1, 110,    14, -1,  97
735605,20140107,     8,  1, 129,     2, -1,  98
735605,20140107,    29,  1, 112,    21, -1, 101
735605,20140107,    26,  1, 123,    25, -1, 119
735606,20140108,    27,  1, 112,     7, -1,  90
735606,20140108,    28,  1, 112,     9, -1,  91
735606,20140108,     1,  1,  97,    12, -1,  87
735606,20140108,     3,  1, 102,    10, -1,  98
735606,20140108,    24, -1, 104,    18,  1, 103
735606,20140108,    30, -1, 102,    19,  1,  96
735606,20140108,    11,  1, 113,    14, -1,  99
735606,20140108,    25,  1, 110,    22, -1,  94
735606,20140108,    13,  1, 111,     2, -1, 105
735607,20140109,    20,  1, 102,    16, -1,  92
735607,20140109,     8,  1, 101,    21, -1,  88
735608,20140110,    12,  1,  93,    30, -1,  66
735608,20140110,     9, -1, 114,    23,  1, 104
735608,20140110,     1,  1,  83,    11, -1,  80
735608,20140110,     3,  1, 104,    16, -1,  95
735608,20140110,    15,  1, 104,    24, -1,  99
735608,20140110,    18,  1, 119,     4, -1,  92
735608,20140110,     7, -1, 107,    19,  1,  90
735608,20140110,     5, -1,  81,    17,  1,  72
735608,20140110,     6, -1, 113,    29,  1, 102
735608,20140110,    26,  1, 103,    22, -1,  83
735608,20140110,    10,  1,  99,     2, -1,  97
735608,20140110,    13,  1, 123,    14, -1,  87
735609,20140111,    28,  1,  96,     3, -1,  80
735609,20140111,    11, -1, 114,    30,  1, 107
735609,20140111,     9,  1, 110,    24, -1, 108
735609,20140111,    20, -1, 102,    23,  1,  92
735609,20140111,     5,  1, 103,     4, -1,  97
735609,20140111,    21,  1, 101,    17, -1,  85
735609,20140111,     7,  1, 110,    19, -1, 107
735609,20140111,     8,  1, 120,    22, -1,  94
735609,20140111,    25,  1, 112,     2, -1, 104
735610,20140112,    15,  1, 108,     1, -1, 101
735610,20140112,    26,  1, 124,     6, -1,  80
735610,20140112,    27,  1, 104,    18, -1,  86
735611,20140113,    28,  1, 116,    17, -1,  94
735611,20140113,    11, -1, 104,     2,  1,  92
735611,20140113,    20,  1,  98,    24, -1,  96
735611,20140113,    30, -1, 102,     5,  1,  88
735611,20140113,    27, -1, 101,    19,  1,  95
735611,20140113,     7,  1, 107,    22, -1,  88
735611,20140113,    29,  1, 118,     8, -1, 103
735612,20140114,     4,  1, 108,    20, -1,  98
735612,20140114,    12,  1, 116,    26, -1,  92
735612,20140114,    15,  1,  90,    21, -1,  87
735612,20140114,     6, -1, 120,    14,  1, 118
735613,20140115,     5, -1, 128,    22,  1, 125
735613,20140115,    23,  1,  95,     4, -1,  92
735613,20140115,    30,  1, 114,    16, -1,  97
735613,20140115,     2,  1,  88,    28, -1,  83
735613,20140115,    15, -1,  82,    17,  1,  77
735613,20140115,    26, -1, 111,    18,  1, 108
735613,20140115,    11, -1, 103,    19,  1, 100
735613,20140115,    27,  1, 109,    29, -1, 105
735613,20140115,    24,  1, 121,    14, -1, 114
735613,20140115,    25,  1, 108,     6, -1,  96
735613,20140115,     8, -1, 123,    10,  1, 116
735613,20140115,    13,  1, 129,     7, -1, 127
735614,20140116,     3,  0, 127,     1,  0, 110
735614,20140116,    12,  1, 117,    20, -1,  89
735614,20140116,    21, -1, 104,    11,  1,  92
735615,20140117,    13, -1, 109,    20,  1,  95
735615,20140117,     4, -1, 111,    22,  1, 101
735615,20140117,    16, -1, 101,    23,  1,  86
735615,20140117,    28,  1,  94,    18, -1,  89
735615,20140117,    30,  1,  96,     5, -1,  93
735615,20140117,    14, -1, 107,     2,  1, 104
735615,20140117,    29, -1, 110,     9,  1,  89
735615,20140117,    15,  1,  91,    26, -1,  90
735615,20140117,    25, -1, 109,    27,  1, 100
735615,20140117,     6, -1, 117,     8,  1, 109
735615,20140117,     7, -1, 110,    24,  1, 107
735615,20140117,    21,  1, 127,    10, -1, 121
735616,20140118,    16, -1, 104,     4,  1,  96
735616,20140118,    12,  1, 106,    13, -1,  92
735616,20140118,     9, -1, 104,    30,  1,  98
735616,20140118,     5,  1, 103,    23, -1,  78
735616,20140118,    11,  1, 114,    17, -1, 104
735616,20140118,    18,  1,  98,    29, -1,  72
735616,20140118,    10, -1,  97,    19,  1,  87
735616,20140118,    25, -1, 127,     7,  1, 111
735617,20140119,    14, -1, 112,    28,  1, 106
735617,20140119,    22,  1,  93,     2, -1,  91
735617,20140119,    21,  1, 108,    26, -1,  93
735617,20140119,    27,  1, 110,    17, -1,  82
735617,20140119,    24,  1, 117,     8, -1, 103
735618,20140120,     7, -1, 102,     6,  1,  97
735618,20140120,    13, -1, 112,     9,  1, 103
735618,20140120,     4,  1, 100,    28, -1,  95
735618,20140120,    30,  1, 107,    23, -1,  99
735618,20140120,     3, -1, 103,    20,  1,  80
735618,20140120,    19, -1,  95,    15,  1,  92
735618,20140120,     1,  1, 121,    16, -1, 114
735618,20140120,     5,  1, 102,    14, -1, 100
735618,20140120,    11,  1, 126,    25, -1, 113
735618,20140120,    12, -1, 102,    10,  1,  94
735619,20140121,     3,  1, 101,    22, -1,  90
735619,20140121,    16,  1,  93,     2, -1,  86
735619,20140121,    26, -1, 114,    19,  1,  97
735619,20140121,    21,  1, 105,    25, -1,  97
735619,20140121,    18, -1, 112,    29,  1,  97
735620,20140122,     4,  1,  95,    13, -1,  91
735620,20140122,     5, -1,  98,     6,  1,  87
735620,20140122,     1, -1, 112,    22,  1, 109
735620,20140122,    28,  1,  93,     7, -1,  85
735620,20140122,     2, -1, 113,    30,  1, 111
735620,20140122,    23, -1, 110,    20,  1, 106
735620,20140122,    11,  1, 119,    26, -1,  98
735620,20140122,    17,  1, 104,     9, -1, 101
735620,20140122,    24,  1, 124,    12, -1, 100
735620,20140122,    21, -1, 111,    27,  1, 105
735621,20140123,    16,  1, 109,    14, -1, 102
735621,20140123,    25,  1, 110,     8, -1, 105
735622,20140124,    22,  1, 114,    14, -1, 105
735622,20140124,    28, -1, 104,    23,  1,  95
735622,20140124,    27, -1, 105,     1,  1,  79
735622,20140124,    21, -1, 101,     2,  1,  83
735622,20140124,     3,  1, 107,     7, -1, 106
735622,20140124,     6,  1,  93,    17, -1,  78
735622,20140124,    19, -1, 103,     9,  1, 101
735622,20140124,    20,  1, 125,     4, -1,  96
735622,20140124,    13, -1, 112,     5,  1,  95
735622,20140124,    15, -1,  88,    11,  1,  87
735622,20140124,    30, -1, 101,    24,  1,  95
735622,20140124,    12, -1, 116,    26,  1, 111
735622,20140124,    18, -1, 121,    10,  1, 120
735623,20140125,     5, -1,  89,     4,  1,  87
735623,20140125,    13, -1, 126,    28,  1, 118
735623,20140125,    21, -1, 103,    23,  1,  91
735623,20140125,    15,  1,  99,    11, -1,  81
735623,20140125,     1, -1, 112,    17,  1,  87
735623,20140125,     8,  1, 109,    12, -1,  96
735623,20140125,    29,  1, 104,    30, -1, 101
735623,20140125,    25,  1, 115,    18, -1, 104
735624,20140126,    16,  1, 113,    27, -1, 101
735624,20140126,    20,  1, 110,    14, -1, 103
735624,20140126,    24, -1,  99,     6,  1,  90
735624,20140126,    19,  1, 100,    22, -1,  92
735624,20140126,     3, -1,  85,     2,  1,  79
735624,20140126,     7,  1, 116,     9, -1, 106
735624,20140126,    10,  1, 103,    25, -1,  88
735624,20140126,     8, -1, 125,    26,  1, 117
735625,20140127,    24, -1, 124,    23,  1, 113
735625,20140127,    28, -1, 104,     3,  1, 103
735625,20140127,    18, -1,  95,     5,  1,  86
735625,20140127,    13, -1, 114,    17,  1,  86
735625,20140127,    21,  1, 111,     1, -1, 109
735625,20140127,    29,  1, 106,    26, -1,  99
735626,20140128,    19, -1, 100,     6,  1,  89
735626,20140128,     9,  1, 103,    22, -1,  87
735626,20140128,    20,  1, 114,     2, -1,  88
735626,20140128,    11,  1,  97,    27, -1,  90
735626,20140128,    15, -1,  98,    25,  1,  81
735626,20140128,    30, -1,  88,    10,  1,  85
735626,20140128,    12, -1, 104,    14,  1,  92
735627,20140129,    21, -1, 112,    16,  1,  95
735627,20140129,    28,  1,  98,    22, -1,  83
735627,20140129,    23, -1,  95,     2,  1,  94
735627,20140129,    24, -1, 126,    17,  1, 117
735627,20140129,    18,  1,  88,    19, -1,  77
735627,20140129,    11, -1, 117,     7,  1, 115
735627,20140129,     4, -1, 101,     8,  1,  98
735627,20140129,     5, -1,  96,    27,  1,  86
735627,20140129,    15, -1,  99,    26,  1,  89
735627,20140129,    13,  1, 110,    30, -1, 103
735628,20140130,    24, -1, 102,    12,  1,  94
735628,20140130,    20,  1, 117,     6, -1,  86
735628,20140130,    10,  1, 111,    13, -1,  92
735629,20140131,    22,  1, 113,    17, -1, 102
735629,20140131,     1, -1, 125,    23,  1,  99
735629,20140131,    21, -1, 120,     3,  1,  95
735629,20140131,    15, -1,  94,    18,  1,  90
735629,20140131,     7,  1, 107,    26, -1, 103
735629,20140131,    28, -1, 100,     8,  1,  90
735629,20140131,     4, -1, 110,    14,  1, 100
735629,20140131,    10, -1,  95,    29,  1,  90
735630,20140201,    12,  1,  97,     3, -1,  96
735630,20140201,    30,  1,  96,    21, -1,  81
735630,20140201,     1,  1, 120,    18, -1, 113
735630,20140201,     9,  1, 113,    23, -1,  96
735630,20140201,    11,  1, 106,     6, -1,  92
735630,20140201,    15,  1,  99,    17, -1,  90
735630,20140201,    19,  1,  88,     5, -1,  79
735630,20140201,    16, -1, 106,    20,  1,  91
735630,20140201,    27,  1,  95,    26, -1,  93
735630,20140201,    24,  1, 105,     4, -1,  95
735630,20140201,    25,  1, 106,    28, -1, 103
735630,20140201,    13,  1, 102,    29, -1,  87
735631,20140202,     2,  1,  96,    22, -1,  89
735632,20140203,    12,  1,  98,    22, -1,  79
735632,20140203,    30,  1, 100,    25, -1,  90
735632,20140203,     3,  1, 108,    23, -1, 102
735632,20140203,    16,  1, 102,     9, -1,  96
735632,20140203,    17,  1, 101,    20, -1,  98
735632,20140203,    27, -1, 102,    19,  1,  95
735632,20140203,    21,  1,  86,    15, -1,  77
735632,20140203,     7,  1, 124,     6, -1, 107
735632,20140203,     8,  1, 116,    13, -1, 115
735632,20140203,    28, -1,  94,    29,  1,  79
735632,20140203,    26,  1,  99,     5, -1,  70
735633,20140204,    12, -1,  89,     1,  1,  85
735633,20140204,    18,  1, 109,    14, -1,  99
735633,20140204,     5, -1, 101,    24,  1,  92
735633,20140204,     4, -1,  91,    10,  1,  75
735634,20140205,    14, -1, 119,     6,  1, 108
735634,20140205,     2, -1, 114,    23,  1, 108
735634,20140205,    27, -1, 125,    30,  1, 118
735634,20140205,    25, -1,  94,    20,  1,  90
735634,20140205,    11,  1, 122,    24, -1, 108
735634,20140205,     7, -1, 110,    15,  1,  96
735634,20140205,    19,  1, 105,     1, -1, 100
735634,20140205,    21,  1, 106,    18, -1,  97
735634,20140205,    22,  1, 112,     9, -1,  98
735634,20140205,     8,  1, 110,    17, -1, 100
735634,20140205,    26,  1, 109,    28, -1, 101
735634,20140205,    16, -1, 116,    13,  1, 112
735635,20140206,     3,  1, 103,    27, -1,  89
735635,20140206,    10,  1, 102,     5, -1,  87
735636,20140207,    12,  1, 118,    25, -1, 113
735636,20140207,    22,  1, 103,    21, -1, 102
735636,20140207,    14, -1, 112,    23,  1,  98
735636,20140207,     6, -1, 115,    30,  1, 113
735636,20140207,     2,  1,  99,    26, -1,  89
735636,20140207,     9,  1, 111,     3, -1,  95
735636,20140207,    20,  1, 117,     8, -1,  90
735636,20140207,     7,  1, 103,    29, -1,  81
735636,20140207,    19,  1,  98,    18, -1,  91
735636,20140207,    13,  1, 118,    28, -1, 105
735637,20140208,    27, -1, 104,     4,  1, 100
735637,20140208,    15, -1,  79,     1,  1,  76
735637,20140208,     9,  1, 126,     8, -1, 109
735637,20140208,    25, -1, 117,    18,  1, 110
735637,20140208,    11, -1, 101,    17,  1,  95
735637,20140208,    24,  1, 122,    10, -1, 109
735637,20140208,    29,  1,  94,    16, -1,  89
735638,20140209,    21,  1, 112,    20, -1, 100
735638,20140209,     5, -1,  92,    14,  1,  86
735638,20140209,     7, -1, 102,     2,  1,  91
735638,20140209,     3,  1,  93,    19, -1,  81
735638,20140209,     6,  1,  91,    15, -1,  83
735638,20140209,    22,  1,  93,    12, -1,  92
735638,20140209,    30,  1,  93,    26, -1,  84
735638,20140209,    13,  1, 123,    23, -1,  78
735639,20140210,    12,  1, 119,     8, -1,  80
735639,20140210,    28,  1, 108,    19, -1, 101
735639,20140210,     9,  1, 109,    27, -1, 100
735639,20140210,     2, -1, 102,    17,  1,  86
735639,20140210,    11, -1, 107,    18,  1,  89
735639,20140210,    10,  1, 123,    23, -1,  80
735640,20140211,     4,  1, 114,     7, -1,  89
735640,20140211,     6,  1, 109,    26, -1,  99
735640,20140211,     5,  1, 100,     1, -1,  85
735640,20140211,    15,  1,  92,    30, -1,  89
735640,20140211,    16, -1, 103,    24,  1,  97
735640,20140211,    21, -1,  98,    25,  1,  95
735640,20140211,    29, -1,  96,    14,  1,  79
735641,20140212,     7, -1,  81,    12,  1,  73
735641,20140212,    15, -1,  86,    22,  1,  81
735641,20140212,    28,  1, 104,     1, -1,  83
735641,20140212,    27, -1, 104,     2,  1,  92
735641,20140212,     3,  1, 105,     4, -1,  89
735641,20140212,     6, -1,  93,     9,  1,  89
735641,20140212,    26, -1, 106,    20,  1, 101
735641,20140212,    11,  1, 113,    30, -1, 112
735641,20140212,    19, -1, 102,    17,  1,  98
735641,20140212,    18,  1, 117,     8, -1,  90
735641,20140212,    29,  1, 105,    23, -1, 100
735641,20140212,    16, -1, 111,    10,  1, 110
735641,20140212,    13,  1, 122,    25, -1, 117
735642,20140213,     5,  1,  92,     3, -1,  76
735642,20140213,    21, -1, 107,    14,  1, 103
735647,20140218,    12,  1, 108,     1, -1,  98
735647,20140218,     6, -1, 114,    23,  1,  85
735647,20140218,    28, -1, 103,    30,  1,  93
735647,20140218,     4, -1, 108,     9,  1,  96
735647,20140218,    15,  1,  98,    20, -1,  93
735647,20140218,    17,  1, 104,    22, -1, 100
735647,20140218,    16, -1, 117,     7,  1, 106
735647,20140218,    24, -1, 112,     8,  1, 107
735647,20140218,    27, -1, 113,    13,  1, 103
735648,20140219,     4,  1, 116,     9, -1,  98
735648,20140219,     6,  1, 101,    22, -1,  93
735648,20140219,     5, -1,  94,    28,  1,  92
735648,20140219,    30, -1, 114,     1,  1,  97
735648,20140219,    18,  1, 104,    12, -1,  91
735648,20140219,    20, -1,  98,    19,  1,  91
735648,20140219,    24,  1, 100,     2, -1,  94
735648,20140219,     3, -1, 105,    29,  1,  99
735648,20140219,    27, -1, 111,    25,  1, 109
735648,20140219,    10, -1, 101,    26,  1,  92
735648,20140219,    11, -1, 134,    14,  1, 108
735649,20140220,     8, -1, 101,    17,  1,  90
735649,20140220,    16, -1, 103,    21,  1,  81
735649,20140220,    10,  1, 102,    11, -1,  99
735650,20140221,     4,  1,  90,    19, -1,  87
735650,20140221,    22,  1, 129,    20, -1, 121
735650,20140221,     7, -1, 124,    23,  1, 112
735650,20140221,    28,  1,  98,     6, -1,  91
735650,20140221,     9,  1, 115,     1, -1, 107
735650,20140221,     5,  1, 117,     8, -1,  89
735650,20140221,    15,  1, 102,    13, -1,  96
735650,20140221,    24,  1, 106,    27, -1,  85
735650,20140221,    25,  1, 102,    29, -1,  94
735650,20140221,    14,  1, 101,     2, -1,  92
735651,20140222,     4,  1,  92,    15, -1,  89
735651,20140222,    30,  1,  94,    19, -1,  93
735651,20140222,     1,  1, 107,    20, -1,  98
735651,20140222,     7, -1, 113,     9,  1, 102
735651,20140222,    12, -1, 110,    17,  1, 100
735651,20140222,    18, -1, 121,    29,  1, 104
735651,20140222,    26,  1, 105,     2, -1,  98
735651,20140222,    10,  1,  93,     3, -1,  86
735652,20140223,    13, -1, 125,    21,  1, 117
735652,20140223,    16,  1,  93,     5, -1,  79
735652,20140223,    30, -1,  96,     6,  1,  83
735652,20140223,    28,  1, 105,    22, -1,  90
735652,20140223,    26, -1, 109,     8,  1,  95
735652,20140223,    11, -1, 115,    24,  1, 112
735652,20140223,     3, -1, 108,    14,  1, 102
735652,20140223,    25,  1, 108,    18, -1,  97
735653,20140224,    17, -1, 130,    23,  1, 110
735653,20140224,    10, -1, 104,     9,  1,  96
735653,20140224,     7, -1, 110,    20,  1, 108
735653,20140224,    13, -1, 123,    19,  1, 110
735653,20140224,    29,  1, 110,     2, -1,  98
735654,20140225,    28, -1,  99,     6,  1,  93
735654,20140225,    12,  1, 118,    14, -1,  98
735654,20140225,    30,  1, 115,    22, -1, 106
735654,20140225,     5, -1, 107,     1,  1, 103
735654,20140225,    25, -1, 100,     8,  1,  95
735654,20140225,    18, -1, 110,    24,  1, 101
735654,20140225,    11, -1, 129,    26,  1, 103
735655,20140226,    22, -1, 101,    23,  1,  90
735655,20140226,     2,  1, 115,     1, -1, 104
735655,20140226,     5,  1, 103,    10, -1,  83
735655,20140226,     7,  1, 108,    19, -1,  89
735655,20140226,    15,  1, 108,    14, -1, 103
735655,20140226,     6, -1, 114,    21,  1, 104
735655,20140226,    27,  1, 120,     9, -1, 110
735655,20140226,    29,  1, 109,    24, -1,  86
735655,20140226,    25,  1, 124,     3, -1,  80
735655,20140226,    13,  1, 101,    11, -1,  93
735656,20140227,    12,  1, 101,    17, -1,  96
735656,20140227,    30, -1, 134,    28,  1, 129
735656,20140227,    16,  1, 108,    20, -1,  82
735656,20140227,     3, -1, 112,     8,  1,  89
735657,20140228,     6,  1,  99,    29, -1,  79
735657,20140228,    10, -1, 126,    20,  1, 103
735657,20140228,    21,  1, 113,    15, -1, 107
735657,20140228,     5, -1, 100,     7,  1,  91
735657,20140228,    27,  1,  92,     4, -1,  82
735657,20140228,    14,  1, 126,    26, -1, 122
735657,20140228,    24,  1, 116,    19, -1, 104
735658,20140301,    16,  1, 112,    22, -1,  98
735658,20140301,    30, -1, 122,    23,  1, 103
735658,20140301,    12, -1, 102,     2,  1,  97
735658,20140301,    11,  1, 118,     9, -1, 110
735658,20140301,     3, -1, 107,    17,  1,  98
735658,20140301,    15,  1, 110,     6, -1,  96
735658,20140301,    25,  1, 102,     8, -1,  96
735658,20140301,    18, -1, 108,    26,  1,  97
735658,20140301,    13,  1, 108,    19, -1,  76
735659,20140302,     5,  1, 109,    20, -1,  90
735659,20140302,    28,  1, 104,    10, -1,  98
735659,20140302,    12,  1,  94,    29, -1,  91
735659,20140302,    22,  1,  92,    23, -1,  81
735659,20140302,    21,  1, 116,     4, -1,  99
735659,20140302,    27,  1, 112,     7, -1, 106
735659,20140302,    24,  1, 129,     1, -1, 120
735660,20140303,    15, -1, 110,    30,  1, 104
735660,20140303,     3,  1,  96,     5, -1,  80
735660,20140303,     9,  1,  96,    20, -1,  85
735660,20140303,    16,  1, 124,     4, -1, 107
735660,20140303,    17,  1, 114,    29, -1,  88
735660,20140303,    18, -1, 132,     8,  1, 128
735660,20140303,    14, -1, 107,    25,  1, 106
735660,20140303,    26,  1,  96,    19, -1,  89
735661,20140304,    27, -1, 122,     6,  1, 101
735661,20140304,    10, -1,  98,    12,  1,  96
735661,20140304,    11,  1, 106,    16, -1, 103
735661,20140304,    21,  1, 125,    23, -1,  92
735661,20140304,    13, -1, 104,    24,  1,  96
735661,20140304,    19, -1, 132,    14,  1, 125
735662,20140305,     4,  1, 109,    12, -1,  87
735662,20140305,    11, -1, 101,    22,  1,  89
735662,20140305,    30,  1, 104,    29, -1,  91
735662,20140305,    10, -1, 108,     2,  1,  88
735662,20140305,     3,  1, 103,    15, -1,  94
735662,20140305,     5, -1, 105,     9,  1,  94
735662,20140305,    26, -1, 116,    17,  1, 102
735662,20140305,    20, -1, 118,    18,  1, 106
735662,20140305,     8,  1, 115,     7, -1, 110
735662,20140305,    25,  1, 102,     1, -1,  78
735663,20140306,    27,  1, 111,    16, -1,  87
735663,20140306,    24,  1, 128,    21, -1, 122
735663,20140306,    13, -1, 142,    14,  1,  94
735664,20140307,     4,  1, 101,     6, -1,  92
735664,20140307,    15, -1,  85,     5,  1,  77
735664,20140307,    28,  1,  99,    26, -1,  87
735664,20140307,     2,  1,  91,     3, -1,  84
735664,20140307,    20,  1, 108,    29, -1,  81
735664,20140307,    18,  1, 114,     9, -1, 101
735664,20140307,    19,  1, 112,    17, -1, 104
735664,20140307,     7,  1, 103,    25, -1,  98
735664,20140307,     8,  1, 134,    14, -1, 126
735664,20140307,    11,  1, 112,    12, -1,  86
735664,20140307,    10,  1, 111,     1, -1,  97
735665,20140308,    20, -1, 107,     6,  1,  97
735665,20140308,    29, -1, 104,    23,  1,  92
735665,20140308,    15,  1, 111,     4, -1,  89
735665,20140308,    30, -1, 114,    17,  1, 107
735665,20140308,    27,  1, 121,    22, -1, 112
735665,20140308,    13,  1, 109,     1, -1, 108
735666,20140309,     5,  1,  95,    16, -1,  88
735666,20140309,    14,  1, 114,    21, -1, 110
735666,20140309,     2,  1, 118,     9, -1, 111
735666,20140309,     3,  1, 104,    26, -1,  89
735666,20140309,    19,  1, 111,     8, -1, 107
735666,20140309,    11,  1, 118,    25, -1, 113
735666,20140309,    28, -1, 111,    18,  1, 104
735666,20140309,     7,  1, 105,    12, -1,  94
735666,20140309,    10,  1, 113,    24, -1, 107
735667,20140310,     4,  1, 105,     8, -1,  98
735667,20140310,     3,  1, 101,    28, -1,  97
735667,20140310,    16,  1,  99,    30, -1,  90
735667,20140310,    20,  1, 123,    23, -1, 110
735667,20140310,    17,  1, 105,    22, -1,  98
735667,20140310,     1, -1, 112,    29,  1, 110
735667,20140310,    13,  1, 112,    24, -1, 105
735668,20140311,    12,  1,  94,     2, -1,  83
735668,20140311,     9,  1,  99,    26, -1,  89
735668,20140311,    27, -1, 104,     5,  1,  96
735668,20140311,    15,  1, 109,    25, -1,  99
735668,20140311,    18,  1, 112,    17, -1, 101
735668,20140311,    21,  1, 106,    11, -1,  98
735668,20140311,    10,  1, 108,     7, -1,  85
735669,20140312,     3, -1,  96,    16,  1,  95
735669,20140312,     8, -1, 120,    22,  1, 112
735669,20140312,    26, -1, 115,    23,  1,  98
735669,20140312,    28,  1, 101,     9, -1,  87
735669,20140312,     4, -1,  98,    30,  1,  85
735669,20140312,    20, -1, 116,     2,  1,  92
735669,20140312,    15, -1,  90,    19,  1,  88
735669,20140312,     7, -1, 108,    29,  1, 101
735669,20140312,    27,  1, 103,    25, -1,  90
735669,20140312,     6, -1, 110,    24,  1, 101
735669,20140312,    13,  1, 111,    10, -1,  98
735670,20140313,     5,  1, 111,    11, -1,  87
735670,20140313,     1,  1, 102,    17, -1,  97
735670,20140313,    21,  1, 131,    14, -1, 102
735671,20140314,     4,  1, 105,    18, -1,  93
735671,20140314,    30, -1, 105,    22,  1, 101
735671,20140314,    12, -1, 101,    23,  1,  94
735671,20140314,    28,  1,  99,    15, -1,  86
735671,20140314,    24, -1,  87,     2,  1,  80
735671,20140314,     8, -1, 111,    16,  1, 107
735671,20140314,    25, -1, 111,    19,  1, 103
735671,20140314,    27,  1, 119,    14, -1,  85
735671,20140314,    13, -1,  96,    29,  1,  87
735671,20140314,     6, -1, 103,    10,  1,  94
735672,20140315,    20,  1, 115,    17, -1,  94
735672,20140315,    30,  1, 101,     3, -1,  94
735672,20140315,     1,  1,  97,     8, -1,  92
735672,20140315,    12, -1, 112,     9,  1, 104
735672,20140315,    15, -1, 103,    23,  1,  77
735672,20140315,     5,  1,  94,    26, -1,  87
735673,20140316,     4, -1, 101,    17,  1,  92
735673,20140316,    24, -1, 121,    28,  1, 113
735673,20140316,    16,  1, 113,    11, -1, 104
735673,20140316,    19,  1, 121,     2, -1, 120
735673,20140316,    18,  1, 104,    26, -1, 102
735673,20140316,     7, -1, 109,    21,  1,  86
735673,20140316,    27,  1, 122,    29, -1, 104
735673,20140316,    10, -1, 113,    25,  1, 112
735673,20140316,    13,  1, 102,     6, -1,  80
735674,20140317,     1, -1,  97,     4,  1,  83
735674,20140317,    12,  1,  99,    23, -1,  90
735674,20140317,     3,  1, 108,    24, -1,  95
735674,20140317,    21, -1,  97,     5,  1,  85
735674,20140317,    11,  1, 124,    29, -1,  86
735674,20140317,     7,  1,  94,     2, -1,  89
735674,20140317,     8,  1, 110,    13, -1, 100
735675,20140318,    16, -1, 100,     6,  1,  96
735675,20140318,     1,  1, 118,    28, -1, 113
735675,20140318,    25,  1, 120,    17, -1, 115
735675,20140318,    26,  1, 117,    30, -1, 111
735675,20140318,    10,  1, 103,    22, -1,  89
735676,20140319,     5, -1, 102,    23,  1,  94
735676,20140319,     2,  1, 101,    16, -1,  96
735676,20140319,     3,  1, 104,     4, -1,  99
735676,20140319,    15,  1,  96,    29, -1,  86
735676,20140319,    28, -1, 107,    19,  1, 100
735676,20140319,    20,  1,  92,    12, -1,  86
735676,20140319,    18, -1, 123,     7,  1, 122
735676,20140319,     8,  1, 118,     9, -1, 109
735676,20140319,    24,  1, 109,    22, -1,  93
735676,20140319,    27, -1, 125,    14,  1, 109
735677,20140320,    21, -1, 102,     6,  1,  95
735677,20140320,    11,  1, 129,    18, -1, 106
735677,20140320,    25,  1, 116,    30, -1, 103
735677,20140320,    10,  1, 115,    17, -1, 110
735678,20140321,    12,  1,  91,     5, -1,  79
735678,20140321,    20, -1,  93,    23,  1,  92
735678,20140321,    21, -1, 119,    28,  1, 118
735678,20140321,    19, -1, 111,     1,  1, 105
735678,20140321,     3,  1, 114,     2, -1,  98
735678,20140321,    16,  1,  91,    15, -1,  86
735678,20140321,     7,  1, 122,     8, -1, 106
735678,20140321,    24,  1,  98,     9, -1,  92
735678,20140321,    27, -1,  99,    26,  1,  79
735678,20140321,    30, -1, 117,    14,  1, 107
735679,20140322,     4,  1, 124,    25, -1,  94
735679,20140322,    11, -1, 118,     6,  1, 111
735679,20140322,     5,  1,  91,    23, -1,  81
735679,20140322,    15,  1,  82,    12, -1,  71
735679,20140322,    19,  1, 105,    16, -1,  95
735679,20140322,    29,  1,  89,    22, -1,  88
735679,20140322,    27, -1,  99,    10,  1,  90
735679,20140322,    13,  1, 112,     9, -1, 103
735680,20140323,    28,  1,  96,     1, -1,  86
735680,20140323,    24, -1, 127,    18,  1, 120
735680,20140323,     8,  1, 105,    30, -1, 102
735680,20140323,    26,  1, 124,    17, -1, 107
735680,20140323,     3, -1, 107,     7,  1, 104
735680,20140323,     6, -1, 106,    20,  1, 100
735680,20140323,    14,  1, 103,    22, -1,  94
735681,20140324,    11, -1, 100,     4,  1,  89
735681,20140324,    24, -1, 102,     1,  1,  95
735681,20140324,    16,  1,  93,    25, -1,  91
735681,20140324,     5,  1,  89,    12, -1,  77
735681,20140324,    15,  1, 109,    18, -1,  92
735681,20140324,    19,  1, 109,     3, -1, 104
735681,20140324,    21,  1, 117,     8, -1,  96
735681,20140324,    27,  1, 113,    23, -1,  91
735681,20140324,     9, -1, 114,    29,  1,  94
735681,20140324,    13,  1, 106,    17, -1,  98
735682,20140325,     6,  1, 102,    28, -1, 100
735682,20140325,    22,  1,  95,    25, -1,  85
735682,20140325,     7,  1, 128,    21, -1, 119
735682,20140325,    14,  1, 127,    20, -1,  96
735683,20140326,     4,  1, 116,     3, -1, 111
735683,20140326,    24, -1,  99,    30,  1,  93
735683,20140326,    28, -1,  99,     2,  1,  90
735683,20140326,     6, -1,  97,     9,  1,  96
735683,20140326,    12,  1,  84,    16, -1,  83
735683,20140326,    18,  1, 107,     1, -1,  83
735683,20140326,    19,  1,  98,    13, -1,  96
735683,20140326,    27,  1, 108,     8, -1, 103
735683,20140326,    20, -1, 107,    26,  1,  99
735683,20140326,    15, -1,  91,    29,  1,  87
735684,20140327,    25, -1, 100,     1,  1,  85
735684,20140327,    11,  1, 120,    23, -1,  98
735684,20140327,    17,  1, 108,    14, -1, 105
735684,20140327,    13, -1, 109,     7,  1, 103
735685,20140328,    22,  1, 110,     4, -1, 105
735685,20140328,    28,  1, 105,     2, -1, 103
735685,20140328,    30,  1,  91,    12, -1,  78
735685,20140328,     3,  1, 108,     6, -1,  97
735685,20140328,    16, -1, 110,     9,  1,  78
735685,20140328,    25, -1,  91,     5,  1,  74
735685,20140328,    18,  1, 143,    14, -1, 107
735685,20140328,    19,  1, 102,    29, -1,  95
735685,20140328,    21,  1,  94,    26, -1,  81
735685,20140328,    27, -1, 133,     8,  1, 102
735685,20140328,    24,  1, 112,    20, -1,  88
735685,20140328,    10,  1, 100,    15, -1,  93
735686,20140329,    23,  1, 123,     9, -1,  98
735686,20140329,    13, -1, 118,    11,  1, 107
735686,20140329,    30,  1, 101,     1, -1,  97
735686,20140329,     7,  1, 103,    26, -1, 100
735686,20140329,    16, -1,  88,    17,  1,  67
735686,20140329,    27,  1,  96,    19, -1,  80
735687,20140330,     6,  1,  90,    12, -1,  76
735687,20140330,    21,  1, 116,    29, -1,  96
735687,20140330,     3,  1, 114,    18, -1,  99
735687,20140330,    28, -1,  98,    22,  1,  93
735687,20140330,     5, -1, 107,     2,  1, 102
735687,20140330,    20, -1,  89,    10,  1,  84
735687,20140330,    25,  1, 105,    15, -1,  98
735687,20140330,    14,  1, 115,    24, -1,  99
735688,20140331,     4,  1, 100,    30, -1,  94
735688,20140331,    27, -1, 103,    12,  1,  77
735688,20140331,     1,  1, 103,    23, -1,  95
735688,20140331,     9,  1, 116,    17, -1, 111
735688,20140331,    16,  1,  93,    28, -1,  83
735688,20140331,     5,  1,  94,     2, -1,  80
735688,20140331,    13, -1, 114,    18,  1, 104
735688,20140331,    26, -1, 102,    19,  1,  97
735688,20140331,    15, -1,  94,     8,  1,  92
735688,20140331,    20, -1,  92,    29,  1,  83
735689,20140401,     3,  1, 105,    11, -1,  96
735689,20140401,    10, -1, 122,     7,  1, 120
735689,20140401,    25, -1, 124,    14,  1, 112
735690,20140402,    12,  1, 101,     9, -1,  94
735690,20140402,    20,  1, 110,     3, -1,  81
735690,20140402,     6, -1, 119,    22,  1,  98
735690,20140402,     4, -1, 123,    23,  1,  93
735690,20140402,    28,  1, 107,    11, -1, 103
735690,20140402,    30,  1, 118,     2, -1,  92
735690,20140402,     5, -1, 105,     1,  1,  92
735690,20140402,    16,  1,  96,    17, -1,  77
735690,20140402,    18,  1, 102,    15, -1,  88
735690,20140402,    27,  1, 111,    10, -1,  90
735690,20140402,     8,  1, 137,    19, -1, 107
735690,20140402,    13, -1, 112,    24,  1, 108
735690,20140402,    26,  1, 107,    14, -1, 102
735691,20140403,    21,  1, 106,    27, -1,  94
735691,20140403,     7, -1, 113,    13,  1, 107
735692,20140404,     4,  1,  91,    22, -1,  80
735692,20140404,    15,  1, 100,     8, -1,  92
735692,20140404,    28,  1, 102,    12, -1,  94
735692,20140404,     1,  1, 117,     6, -1,  98
735692,20140404,    23, -1, 111,     2,  1, 102
735692,20140404,     3,  1, 116,     9, -1, 104
735692,20140404,    18, -1, 122,    16,  1, 121
735692,20140404,    30, -1,  90,    20,  1,  89
735692,20140404,     5,  1, 102,    17, -1,  90
735692,20140404,    29,  1, 100,    19, -1,  96
735692,20140404,    11,  1, 111,    21, -1, 107
735692,20140404,    24, -1, 109,    25,  1,  93
735692,20140404,    10,  1, 102,    26, -1,  69
735692,20140404,     7, -1, 107,    14,  1,  95
735693,20140405,    22,  1, 100,    18, -1,  92
735693,20140405,     5, -1,  96,    30,  1,  78
735693,20140405,     4, -1,  96,     6,  1,  94
735693,20140405,     9,  1, 115,     2, -1, 111
735693,20140405,     3, -1, 105,    23,  1, 101
735693,20140405,    28, -1, 102,    17,  1,  98
735694,20140406,    16,  1, 102,    20, -1,  91
735694,20140406,    13,  1, 120,    14, -1,  97
735694,20140406,     1, -1, 107,    12,  1,  88
735694,20140406,     7, -1,  93,    26,  1,  91
735694,20140406,    11,  1, 130,     8, -1, 125
735694,20140406,    27,  1, 112,    15, -1,  92
735694,20140406,    10,  1, 130,    29, -1, 102
735694,20140406,    24,  1, 122,    21, -1, 115
735694,20140406,    25,  1, 100,    19, -1,  94
735696,20140408,     3, -1,  88,    16,  1,  87
735696,20140408,     7, -1,  95,    29,  1,  83
735696,20140408,    21, -1, 107,    26,  1,  92
735696,20140408,    11, -1, 145,    14,  1, 130
735696,20140408,    18,  1, 110,    27, -1,  91
735696,20140408,     9, -1, 102,     1,  1,  95
735697,20140409,     6,  1, 122,     9, -1, 100
735697,20140409,    22,  1, 115,     3, -1, 111
735697,20140409,    28,  1, 125,    23, -1, 114
735697,20140409,     4, -1,  94,    30,  1,  88
735697,20140409,     1,  1, 105,     2, -1,  97
735697,20140409,    15,  1, 107,    16, -1, 102
735697,20140409,    12, -1, 104,    17,  1, 102
735697,20140409,     5, -1, 102,    18,  1,  87
735697,20140409,    24, -1,  94,    19,  1,  88
735697,20140409,     8,  1, 123,    11, -1, 116
735697,20140409,    25,  1, 100,    26, -1,  99
735697,20140409,    21, -1, 107,    13,  1, 101
735698,20140410,    27, -1, 109,     7,  1, 100
735698,20140410,     8, -1, 100,    10,  1,  99
735699,20140411,    30, -1,  96,    22,  1,  86
735699,20140411,    20, -1, 108,    28,  1, 100
735699,20140411,     2,  1, 106,     4, -1, 103
735699,20140411,     1, -1,  93,     3,  1,  88
735699,20140411,    16,  1,  98,    12, -1,  86
735699,20140411,     5,  1, 106,     9, -1,  98
735699,20140411,    15,  1, 117,    23, -1,  95
735699,20140411,    18,  1, 112,    11, -1, 110
735699,20140411,    21,  1, 116,    19, -1,  94
735699,20140411,    17,  1, 119,     6, -1, 116
735699,20140411,    27,  1, 112,    24, -1, 104
735699,20140411,    25, -1, 111,    29,  1,  99
735699,20140411,    10, -1, 112,    14,  1,  95
735700,20140412,    13,  1, 117,    26, -1, 101
735700,20140412,     4,  1, 111,    23, -1, 105
735700,20140412,    30,  1, 104,    17, -1,  91
735700,20140412,     1,  1,  98,    16, -1,  85
735700,20140412,     2, -1, 111,     6,  1,  99
735700,20140412,    11,  1, 111,    19, -1, 104
735700,20140412,     7,  1, 101,    24, -1,  98
735700,20140412,     8,  1, 101,    29, -1,  94
735701,20140413,    20,  1, 100,     5, -1,  89
735701,20140413,    28, -1, 116,     9,  1, 107
735701,20140413,     3,  1,  97,    22, -1,  88
735701,20140413,    12,  1, 102,    21, -1,  97
735701,20140413,    25,  1, 119,    10, -1, 117
735701,20140413,    26,  1, 106,    18, -1, 103
735701,20140413,    15, -1, 102,    14,  1,  90
735702,20140414,    23,  1, 113,     2, -1, 108
735702,20140414,    28,  1, 110,    17, -1, 100
735702,20140414,    30,  1, 114,    16, -1,  93
735702,20140414,     4, -1,  95,     1,  1,  93
735702,20140414,     5,  1, 108,    22, -1,  95
735702,20140414,    11,  1, 104,    27, -1,  98
735702,20140414,    19,  1, 101,    21, -1,  89
735702,20140414,    14, -1, 119,    29,  1, 104
735702,20140414,    15, -1,  97,    24,  1,  91
735702,20140414,    10,  1, 130,    18, -1, 120
735703,20140415,    20, -1, 109,     3,  1,  98
735703,20140415,    13,  1, 117,     8, -1, 105
735704,20140416,    30, -1, 118,     2,  1, 102
735704,20140416,     4,  1,  91,     5, -1,  86
735704,20140416,     6,  1, 114,     3, -1,  85
735704,20140416,    15,  1, 106,     7, -1, 105
735704,20140416,    23, -1, 100,    16,  1,  87
735704,20140416,     1, -1, 111,    17,  1, 103
735704,20140416,    29, -1, 136,    18,  1, 130
735704,20140416,    19,  1, 105,    11, -1, 100
735704,20140416,    20,  1,  95,    28, -1,  92
735704,20140416,    21,  1, 112,     9, -1, 111
735704,20140416,    12, -1, 101,    22,  1,  86
735704,20140416,    14, -1, 113,    27,  1, 100
735704,20140416,    10, -1, 116,     8,  1, 112
735704,20140416,    25,  1, 110,    13, -1, 104
735704,20140416,    24, -1, 104,    26,  1,  99
735707,20140419,     3, -1,  94,    28,  1,  87
735707,20140419,    10, -1, 109,    13,  1, 105
735707,20140419,     1, -1, 101,    12,  1,  93
735707,20140419,    21,  1, 100,    15, -1,  86
735708,20140420,    27,  1,  90,     7, -1,  85
735708,20140420,    16,  1,  99,     4, -1,  88
735708,20140420,    30, -1, 102,     5,  1,  93
735708,20140420,    25, -1, 122,    11,  1, 120
735709,20140421,    15, -1, 111,    21,  1, 105
735709,20140421,    13,  1, 138,    10, -1,  98
735710,20140422,    12,  1, 101,     1, -1,  85
735710,20140422,    28,  1, 100,     3, -1,  95
735710,20140422,    30, -1, 101,     5,  1,  99
735711,20140423,    16,  1, 101,     4, -1,  97
735711,20140423,     7, -1, 113,    27,  1,  92
735711,20140423,    25, -1, 112,    11,  1, 105
735712,20140424,     1,  1,  98,    12, -1,  85
735712,20140424,    15,  1,  98,    21, -1,  95
735712,20140424,    13, -1,  98,    10,  1,  96
735713,20140425,     3,  1, 102,    28, -1,  98
735713,20140425,     5, -1, 100,    30,  1,  97
735713,20140425,    11, -1, 121,    25,  1, 116
735714,20140426,    12, -1,  91,     1,  1,  88
735714,20140426,     7,  1, 109,    27, -1, 108
735714,20140426,    16, -1,  98,     4,  1,  85
735714,20140426,    21, -1,  92,    15,  1,  89
735715,20140427,    30,  1,  98,     5, -1,  89
735715,20140427,    10,  1, 118,    13, -1,  97
735715,20140427,    28, -1,  87,     3,  1,  79
735715,20140427,    25,  1, 123,    11, -1, 120
735716,20140428,    16, -1, 109,     4,  1,  98
735716,20140428,     1, -1, 107,    12,  1,  97
735716,20140428,    27, -1,  93,     7,  1,  89
735717,20140429,    30, -1,  75,     5,  1,  69
735717,20140429,    15, -1, 100,    21,  1,  99
735717,20140429,    13,  1, 113,    10, -1, 103
735718,20140430,    11,  1, 108,    25, -1,  98
735718,20140430,    27,  1, 109,     7, -1, 103
735718,20140430,    28,  1, 115,     3, -1, 113
735719,20140501,    12, -1,  95,     1,  1,  88
735719,20140501,    10,  1, 100,    13, -1,  99
735719,20140501,    21, -1, 104,    15,  1,  84
735720,20140502,     3,  1,  97,    28, -1,  83
735720,20140502,     7,  1, 113,    27, -1, 111
735720,20140502,    25,  1,  99,    11, -1,  98
735721,20140503,    12,  1,  92,     1, -1,  80
735721,20140503,    21,  1, 120,    15, -1, 109
735721,20140503,    13,  1, 126,    10, -1, 121
735722,20140504,     3, -1, 104,    28,  1, 103
735722,20140504,    27,  1, 119,     7, -1,  96
735723,20140505,    30, -1, 102,    12,  1,  96
735723,20140505,    13, -1, 122,    21,  1, 105
735724,20140506,    16,  1, 107,     3, -1,  86
735724,20140506,    27,  1, 116,    25, -1,  92
735725,20140507,    12,  1,  86,    30, -1,  82
735725,20140507,    21,  1, 112,    13, -1, 101
735726,20140508,    16,  1,  94,     3, -1,  82
735726,20140508,    27,  1, 114,    25, -1,  97
735727,20140509,    12, -1,  85,    30,  1,  63
735727,20140509,    21, -1, 118,    13,  1, 112
735728,20140510,     3,  1, 104,    16, -1,  90
735728,20140510,    27, -1, 118,    25,  1, 103
735729,20140511,    13,  1, 101,    21, -1,  99
735729,20140511,    12, -1,  95,    30,  1,  92
735730,20140512,    16, -1, 102,     3,  1,  96
735730,20140512,    25,  1, 103,    27, -1,  92
735731,20140513,    30, -1, 102,    12,  1,  79
735731,20140513,    21,  1, 105,    13, -1, 104
735732,20140514,    16,  1,  96,     3, -1,  94
735732,20140514,    27,  1, 104,    25, -1,  82
735733,20140515,    12, -1,  93,    30,  1,  80
735733,20140515,    21, -1, 104,    13,  1,  98
735736,20140518,    12,  1, 107,    16, -1,  96
735737,20140519,    27,  1, 122,    21, -1, 105
735738,20140520,    16, -1,  87,    12,  1,  83
735739,20140521,    27,  1, 112,    21, -1,  77
735742,20140524,    16,  1,  99,    12, -1,  87
735743,20140525,    21,  1, 106,    27, -1,  97
735744,20140526,    16,  1, 102,    12, -1,  90
735745,20140527,    21,  1, 105,    27, -1,  92
735746,20140528,    12,  1,  93,    16, -1,  90
735747,20140529,    27,  1, 117,    21, -1,  89
735748,20140530,    16,  1, 117,    12, -1,  92
735749,20140531,    27, -1, 112,    21,  1, 107
735754,20140605,    27,  1, 110,    16, -1,  95
735757,20140608,    16, -1,  98,    27,  1,  96
735759,20140610,    27, -1, 111,    16,  1,  92
735761,20140612,    27, -1, 107,    16,  1,  86
735764,20140615,    27,  1, 104,    16, -1,  87